:020000041008E2
:10000000000008285D8C081015960810CD93081084
:10001000199608101D96081021960810000000007F
:1000200000000000000000000000000081940810A3
:100030002596081000000000299608102D9608103B
:10004000E38A0810098B08102F8B0810558B0810B5
:100050007B8B0810A18B0810C78B0810ED8B081044
:100060003196081035960810399608103D960810FC
:100070004196081045960810499608104D960810AC
:1000800040F0200070472DE9F14FB0B09246049146
:100090000DF142013A9A2B9199464A7000200AE0EC
:1000A0001AF8011B0498309A90470028049000F039
:1000B00034860D98401C0D909AF8000050B1252808
:1000C000EED1002100220791089209910A920B912A
:1000D0000C9204E00D9800F022BE41F001011AF8E4
:1000E000010F2028F9D023280CD02B2804D02D284C
:1000F00005D0302809D00BE041F00201EFE741F0D4
:100100000401ECE741F00801E9E741F01001E6E7FE
:100110002A280FD1D9F8002052F8040BC9F8002082
:1001200000280F9003D540420F9041F004010AF1DE
:10013000010A14E00F92DFF8EC3B0AE00F989842B6
:1001400005DA00EB800402EB4402303A0F920AF128
:10015000010A9AF80020A2F130000A28EED39AF89A
:1001600000002E2803D04FF0FF320E9229E01AF83B
:10017000010F2A2809D1D9F8000050F8042BC9F83A
:1001800000000E920AF1010A1BE02D280CBF0AF1B3
:10019000010A002000220E92DFF8884B0BE040B9E4
:1001A0000E9AA24205DA02EB820503EB4503303BCF
:1001B0000E930AF1010A9AF80030A3F130020A2ADC
:1001C000EDD3ADF840100FF660309AF8001000F053
:1001D000EDFE08B11AF8010B8DF842009DF84200BF
:1001E000682805D19AF8000068280CD1622106E041
:1001F0006C2804BF9AF800006C2804D171218DF896
:1002000042100AF1010A12A806901AF801BBBBF1CC
:1002100025012CD01C3900F09481091F022940F2DD
:100220009081133900F0AB84093900F08A81891E6E
:1002300000F04085491E00F0ED84491E022940F27D
:100240008081091F00F0E684491F00F0EF80491EFD
:1002500000F09584491E00F0D780C91E0CD0891E7D
:1002600000F08D84C91E00F08A8400F02EBD0123A9
:100270000793252100F026BDD9F8000050F8044B63
:10028000C9F80000002C059440F0AB802B99487809
:10029000002800F0A1804FF0FF340FF6942000F00A
:1002A00095FE241A40F0398500F01BBD01236A46F3
:1002B00002A9304600F000FE002840F02E85641EA2
:1002C000F4D13096079C12AF74B1309E17F8011B21
:1002D0000498B0470028049000F01F850D98401C3A
:1002E000641E0D90F2D130960A9C3021002C8DF8BE
:1002F00000100CDD309E01236A4602A9304600F052
:10030000DBFD002840F00985641EF4D13096059F7E
:10031000089C74B1309E17F8011B0498B047002860
:10032000049000F0FA840D98401C641E0D90F2D1E8
:1003300030960B9C3021002C8DF800100CDD309E87
:1003400001236A4602A9304600F0B6FD002840F0BD
:10035000E484641EF4D1309605980899099C4718E6
:1003600074B1309E17F8011B0498B0470028049020
:1003700000F0D3840D98401C641E0D90F2D130968D
:100380000C9C3021002C8DF800100CDD309E0123D8
:100390006A4602A9304600F08FFD002840F0BD8477
:1003A000641EF4D130969DF8400041077FF584AE7D
:1003B0002020002D8DF800007FF77EAE309C0123B9
:1003C0006A4602A9204600F077FD002840F0A58487
:1003D0006D1EF4D130946FE60FF63C30059000F0BE
:1003E00080BC0E9D002D04D5204600F00FFE044673
:1003F00007E02A46204600F025FE002814BF041B13
:100400002C46089400F06DBCD9F8001051F8040B8C
:10041000C9F8001020F00004002121F0FF35CDE9DB
:10042000024512AB0593782100F040BC2B99487827
:1004300020B14FF0FF340FF6B02030E79DF84200B6
:10044000622860D0682817D06A283FD06C2806D070
:10045000712847D074282CD07A281DD062E0D9F8B2
:10046000001051F8040BC9F80010002866D14FF0B5
:10047000FF340FF68C2012E7D9F8001051F8040B66
:10048000C9F8001020B94FF0FF340FF6742006E7CA
:100490000D99018000F025BCD9F8001051F8040B2B
:1004A000C9F80010002849D14FF0FF340FF6502052
:1004B000F5E6D9F8001051F8040BC9F8001000282F
:1004C0003CD14FF0FF340FF63820E8E6D9F80010A1
:1004D00051F8040BC9F8001080B94FF0FF340FF643
:1004E0002020DCE6D9F8001051F8040BC9F8001000
:1004F00020B94FF0FF340FF60820D0E60D9AD3173D
:10050000C0E90023EDE3D9F8001051F8040BC9F855
:10051000001020B94FF0FF340FF6E410BFE60D993C
:100520000170DEE3D9F8001051F8040BC9F800108F
:1005300020B94FF0FF340FF6C810B0E60D990160F6
:10054000CFE39DF842004C2807BFD9F80010CA1D20
:10055000D9F80000C21D22F00702C9F80020D2E934
:1005600000010832C9F80020CDE90201C80F02D00D
:1005700007982D210AE0BDF84000810702D50798B1
:100580002B2103E0C00705D50798202112AA11549A
:10059000401C079012A807994BF0200300EB010CB8
:1005A000DDE90201CDE92C01612BCDF814C021ACAD
:1005B0000BD00E98002848BF062105D404BF4BF08D
:1005C0002000672801D101210E91DDE902014F00D1
:1005D00047EAD0777E15FF174FF0FF32974208BFEA
:1005E000964210D1090341EA10510003002908BFC7
:1005F000002808D0ABF1610503211A2D089118D30A
:100600000FF61C1110E0DDE902014A00521512F14B
:10061000010F11D108030FD1ABF1610503211A2D90
:1006200008911FD30FF600110322604600F036FD3B
:1006300057E30FF6E801F7E7DDE902016A4600F04B
:1006400081FDCDE902014BF02000612811D1059810
:1006500030210170821C0592BBF1610F0CBF782123
:10066000582102E00FF6BC01DEE741700798801CBC
:100670000790DDE9020120F0000231F0004308BFDD
:10068000002A02D10026002542E14BF02008B8F1F3
:10069000610F40F092800E98002847BF2121019100
:1006A000401C0190019FDDE92C017F1C00220023EA
:1006B000DDE9024500F07EFD38BF85F00045009978
:1006C0008DF88420091F002F00910DF1850632DD81
:1006D000204629460022002300F086FD2BD21C2252
:1006E00000F09CFD04460D4600F01AFEFF1F002F8F
:1006F000804609DD00F01BFE02460B4620462946D7
:1007000000F01CFE04460D46F01D0721B8F1000F55
:100710000CDD491E5EBF08F00F0200F8012D4FEA04
:100720002818F3D502E0002200F8012D491EFAD561
:10073000C61D002FCCDC0DF18500361A01980DF195
:1007400085048642D8BF304600282FD4B04206DA4E
:100750000DF185010A5C082AA8BF0F2100DA0021EB
:10076000024621AB134400E0401E13F80159521E0B
:100770008D42F9D00F2904D10DF185018B5C5B1CF2
:100780008B54002A04D50099091D21AC401C00910E
:10079000411E0BD4621813783033DDB23A2DA4BF5A
:1007A0005B443A3B491E02F80139F4D50E99002901
:1007B00040F1AC80421E0E92A8E00099DFF8E826D6
:1007C00047F29750414391FBF2F20092DDE92C454C
:1007D000C2F10702002A25F0004504DD2046294623
:1007E00000F03EFB0BE052420020DFF8C01600F0A4
:1007F00037FB02460B462046294600F0A8FD04467A
:100800000D46B8F1660F06BF009F0A3706270E98FF
:100810003F18142FC8BF142730208DF884000DF125
:100820008506002F34DD2046294600F099FD01465B
:100830000A4606F1080304200A26B2FBF6F606EB88
:10084000860EA2EB4E02303203F8012C0A22B6FBD0
:10085000F2F202EB820EA6EB4E063036401E03F893
:10086000026DE9D1083F002F03F10806D9DD0846E3
:1008700000F07DFD02460B462046294600F05EFD55
:100880000022DFF82C3600F079FD04460D46CAE759
:100890000DF18500361A0DF1850404E00098401E24
:1008A000761E0090641C20783028F7D0B8F1660FCF
:1008B00002D10098401C04E0B8F1650F0CBF012084
:1008C00000200E9940188642B8BF701E00281DD423
:1008D000B04204DA215C3429C8BF392100DC302160
:1008E0000246631E9D1800E0401E15F80169521E65
:1008F0008E42F9D0392902D1A15C491CA154002AA9
:1009000004D50099491C1C46401C00910646009DD8
:100910000E9F30B2002802DC01260FF210644BF06B
:100920002000662808BF6D1C15D067280FFA85F8CF
:1009300041D118F1040F44DBB84542DA9DF840007C
:100940006D1C010703D430B2B842D8BF074628B2A5
:100950003F1A48BF00270FFA85F8B8F1000F00F3DF
:10096000AF800898411C0891302205990A54002F45
:1009700003DC9DF84000010705D50898411C08914B
:100980002E2205990A5417EB080FB8BF7D422DB2ED
:100990006842ED1932B20B909542B8BF2E46059BC6
:1009A000089836B2099632462146184400F076FB84
:1009B000AD1B0C95CCE0BBF1610F15D14FF0700B66
:1009C00017E030B2B84204DA9DF840100A0758BF69
:1009D00007467F1E48BF0027BBF1670F14BF4FF0CB
:1009E000450B4FF0650B04E0BBF1410F08BF4FF022
:1009F000500B0898411C0891002F059914F8012B01
:100A00000A5403DC9DF84000010719D50898411CE1
:100A100008912E2205990A54002F11DD761E30B25E
:100A20008742B8BF3E460598089B32B2214618441B
:100A300000F034FB089836B23018BF1B08900B97B3
:100A4000059808990844B8F1000F80F800B003D465
:100A50002B224270821C04E02D2145464170821CED
:100A60006D4200212CAB28460AE004460A2094FB84
:100A7000F0F000EB8005A4EB450403F8014B491CA2
:100A800000B20028F1DC012906DC4BF020006528CB
:100A900004BF302002F8010B00292CAB08D1302014
:100AA00002F8010B06E0491E585C303002F8010BD9
:100AB0000029F8DC059908980844121A099247E0C1
:100AC00030B229B288421BDA0598089B32B221461F
:100AD000184400F0E3FA089936B271180891A8EBAF
:100AE0000600002F0B9003DC9DF84000020705D59F
:100AF000059A2E2050540999491C09910C9727E01A
:100B00000598089B2AB22146184400F0C7FA0898B5
:100B1000761B4044002F089003DC9DF840100A0724
:100B200004D5411C08912E2205990A5430B28742FF
:100B3000B8BF3E460598089B32B204EB0801184442
:100B400000F0ACFA089836B23018BE1B08900B962D
:100B50009DF8400000F01400102840F0C280079A71
:100B600008980B99821809988A1882180C980F997E
:100B70008018884280F2B580081A0A90B1E09DF88A
:100B80004200622808D068280ED06A2814D06C2849
:100B90001FD0712810D01CE0D9F8001051F8040BB8
:100BA000C9F80010C0B21AE0D9F8001051F8040BCF
:100BB000C9F8001080B212E0D9F80000C21D22F07E
:100BC0000702C9F80020D2E900010832C9F8002064
:100BD00006E0D9F8001051F8040BC9F80010002104
:100BE000CDE902019DF8400001075AD5DDE9022355
:100BF000002B08BF002A54D04BF02000782850D199
:100C0000079812A930220A54401C431C079301F88C
:100C100000B046E09DF84200622808D068280ED057
:100C20006A2814D06C281FD0712810D01CE0D9F885
:100C3000001051F8040BC9F8001040B21AE0D9F8BE
:100C4000001051F8040BC9F8001000B212E0D9F8F6
:100C50000000C21D22F00702C9F80020D2E90001FD
:100C60000832C9F8002006E0D9F8001051F8040B4A
:100C7000C9F80010C117CDE90201002902D5079873
:100C80002D210AE0BDF84000810702D507982B21ED
:100C900003E0C00705D50798202112AA1154401C73
:100CA000079012A8079901440591594602A800F03F
:100CB0004DF816E001200790D9F8000050F8041B09
:100CC000C9F800008DF848100BE001212522BBF186
:100CD000000F07918DF8482003D0022207928DF86B
:100CE00049B00F9D07990A986D1A08992D1A0B980B
:100CF0006D1A09992D1A0C986D1A9DF840102D1A2D
:100D000048073FF5DFAA2021002D8DF800107FF75E
:100D1000D9AA309E2C46FFF7C9BA4FF0FF3031B048
:100D2000BDE8F08FCBCCCC0C686A6C747A4C0000B8
:100D30007072696E74665F733A2062616420257315
:100D400020617267756D656E740000002DE9FC47C7
:100D500007468A463C6950466F2808BF082505D0DB
:100D6000FFF78EF9782814BF0A251025D7E900016E
:100D70003C2680468946BAF1640F18BFBAF1690F64
:100D800005D1002903D5D8F1000869EB4909B9F16B
:100D9000000F08BFB8F1000F0CD1386B50B9082D07
:100DA0003AD197F83800010736D530223B2684F82F
:100DB0003B2031E08DF800A0404649462A46EB171B
:100DC00000F0E6FA3032D0B2761E3A2801960EDAFA
:100DD000A255404649462A46EB1700F0D9FA80460C
:100DE0005FEA010908BFB8F1000F05D108E09DF8DE
:100DF00000001218513AEBE7F868A1198842DBD3DA
:100E0000082D09D197F83800010705D5A05D3028D5
:100E100002D0761E3020A055C6F13C03BB61A1195B
:100E2000F960386B834208DAC31A3B624FF6EF7001
:100E3000398F01403987BDE8F38700280ED597F830
:100E4000380000F01400102808D17A6B7969386AEC
:100E5000521A121AD21A002AC8BF3A62BDE8F387A2
:100E60002DE9D04306460F4614464FF00008DFF840
:100E7000449012E0E00707D542464B4630463946DB
:100E800000F07CFA06460F464046494642464B462D
:100E900000F074FA641080468946002CEAD130468E
:100EA0003946BDE8D0830000A08601000000F03F75
:100EB00084D7974100002440F8B505460E461746F2
:100EC0001C4600205CB117F8011BB068A847B06051
:100ED00030B1F06A401CF0620020641EF3D1F2BD14
:100EE0004FF0FF30F2BD00007072696E74665F7380
:100EF0003A20256E20646973616C6C6F77656400BD
:100F00007072696E74663A2062616420256E206199
:100F10007267756D656E7400000000006E616E0092
:100F20004E414E00696E6600494E46003000F0B4F6
:100F30000246106895681318506803EB5004C00708
:100F400048BF4D44A3422DD013F8016B16F00300A7
:100F500004BF13F8010BC01C31090F2907D113F886
:100F6000011B0F3103E013F8017B05F8017B401EE4
:100F7000F9D10029E6D013F8010BC6F38106032E40
:100F800008BF13F8016B00EB0620404228440026FE
:100F9000B71E8F421EBF10F8017B05F8017B761C3F
:100FA000F6D1CFE7F0BC02F10C007047C9B202786D
:100FB0008A421AB11CBF10F8012FF9E718BF0020B0
:100FC00070470268531C03601170704780B500B908
:100FD00006A005490B681BB122220021984701E0B9
:100FE00000F0EEFA222002BD90110228636F6E73AA
:100FF000747261696E742068616E646C65723A2007
:10100000626164206D6573736167650000F10103BF
:10101000810704D010F8011B820781B1FAD1026860
:10102000A2F10131914311F0803104BF50F8042F37
:10103000F6E709BAB1FA81F100EBD100401CC01A01
:1010400070470000C9B2830706D0521E22D310F8A1
:10105000013B9942F7D11FE0083A13D302F1040291
:1010600041EA012141EA014150F8043B121F21BF2E
:101070004B40A3F1013C2CEA030C1CF0803FF3D061
:10108000C9B2001F083210F8013B521E28BF91EA76
:10109000030FF8D818BF0120401E704762B38B07BA
:1010A00008D0521E11F8013B00F8013B00F02480EB
:1010B0008B07F6D1830740F0208000BF103A07D39A
:1010C00030B4B1E83810103AA0E83810F9D230BC8A
:1010D000530724BFB1E80810A0E8081044BF51F836
:1010E000043B40F8043BD20724BF31F8022B20F820
:1010F000022B44BF0B7803707047121F17D35B009D
:1011000009D151F8043B20F8023B1B0C121F20F8B8
:10111000023BF6D20BE051F8043B00F8013B1B0AFE
:1011200020F8023B1B0C121F00F8013BF3D238BF22
:10113000121D521E24BF11F8013B00F8013BF8D8E4
:101140007047000010B5144600F002F8226010BD90
:10115000C1F30A5343B14A0012F5001F28D2A3F28B
:10116000FE32A1EB0251704750EA410C20D001F051
:10117000004C31EA0C01B1FA81F204BFB0FA80F3FD
:10118000D2180B3AB2F120032CBF00FA03F19140C0
:1011900041EA0C013EBFC2F1200C20FA0CF31943C6
:1011A0009040524240F2FD33D21A01EB0351704796
:1011B0000022704741EA030C50EA4C0C52EA0C0C36
:1011C0004FF4001C09D307D01CEB410F9CBF1CEB54
:1011D000430F8B4208BF824270471CEB430FFBD882
:1011E000994208BF9042704741EA030C50EA4C0C08
:1011F00052EA0C0C4FF4001C09D307D01CEB410F32
:101200009CBF1CEB430F994208BF904270471CEBF8
:10121000410FFBD88B4208BF8242704700B541ECBA
:10122000100B104600F004F851EC100B00BD00BF8D
:10123000020030EE101B40F2FF7C37D41CEA115341
:1012400013D063456BD09B18634504D201EB025168
:1012500020EE101B704701F0004141EA0C510020C4
:1012600041EC100BAFF30080704710EE100B50EA0A
:10127000410054D0B2F57F7F08D202EB5C01090532
:10128000002041EC110B20EE010B70474FF0FE41A6
:10129000002341EC113B20EE010BB2F57E7230EEE3
:1012A000101B4FEA410342EB5353CDE752421CEA75
:1012B000115316D0634532D09A4204D2A1EB0251A9
:1012C00020EE101B70475B1ED21AA1EB035120EEDB
:1012D000101B372A0CD3002001F0004141EC100B09
:1012E000C0E710EE100B50EA410018D0372AF2D2B6
:1012F000C2EB5C021105002041EC110BF1EE100A6B
:1013000020F01F0121F4F851E1EE101A20EE010B3C
:10131000F1EE101AE1EE100A11F0080FA2D1704799
:1013200041EC100BBDEEC00B10EE100A704700EE42
:10133000100AB8EEC00B51EC100B704741EC100BCB
:1013400043EC112B30EE410B51EC100B704741EC8C
:10135000100B43EC112B80EE010B51EC100B70477E
:1013600041EC100BBCEEC00B10EE100A704700EE03
:10137000100AB8EE400B51EC100B704741EC100B0B
:1013800043EC112B20EE010B51EC100B70470000C9
:10139000BBBBE1B1B2F5803F80F07E80022A1ED94E
:1013A0008C46B1FBF2F102FB11C31B0443EA10436C
:1013B000B3FBF2FC02FB1C3380B240EA0343B3FBF5
:1013C000F2F002FB103240EA0C4000237047022A80
:1013D00005D98446B0FBF2F002FB10C270474AB157
:1013E00005D100F0010249085FEA30007047002291
:1013F0000023704700F0E8B80B0002000021002035
:101400007047904271EB030CF6D3B3F5803F2FD2B7
:10141000F0B5B3FA83F7B1FA81F4A7F10F0E3D1BD3
:101420005340CEF1200602FA0EF2F3415340B5F1DB
:101430000F0746D80F3C2C444140C4F12006A04081
:10144000F1414140B1FBF3F603FB1611A2FB064547
:10145000001BA94102D2761E8018594180EA010280
:1014600021FA0EF362FA0EF200215A403046F0BD26
:1014700030B4B1FBF3FC03FB1C11A2FB0C45001BB9
:10148000A94103D2ACF1010C8018594130BC02468D
:101490000B46604600217047B2F1807F65D3F0B5FE
:1014A000B2FA82F7B1FA81F4C7F10F063D1B22FAB6
:1014B00006F307F1110EF24120355A40B5F10F073E
:1014C000B8D94140C4F12006A040F1414140B1FBF0
:1014D000F3FC03FB1C11A2FB0C45001BA94103D22A
:1014E000BCF1010C801859410F2F12D30F3FC903D3
:1014F00041EA5041B1FBF3F603FB1611A2FB06458E
:10150000D4EBC030A94102D2761E8018594146EA78
:10151000CC3C07B34140C7F12006B840F1414140FF
:10152000B1FBF3F603FB1611A2FB0645001BA94114
:1015300002D2761E8018594180EA010221FA0EF388
:10154000C7F1200462FA0EF20CFA07F05A402CFAA6
:1015500004F13043F0BD80EA010221FA0EF30021CC
:1015600062FA0EF260465A40F0BD8C46B1FBF2F1D1
:1015700002FB11C31B0243EA1063B3FBF2FC02FB44
:101580001C331B024CEA002043EA1063B3FBF2FC5D
:1015900002FB1C331B024CEA002043EA1063B3FB3E
:1015A000F2FC02FB1C331B024CEA002043EA1063EE
:1015B000B3FBF2FC02FB1C324CEA00200023704714
:1015C000012000F003B800007047000080B5AFF3C1
:1015D0000080024A11001820ABBEFBE72600020083
:1015E000022801D3012010E00B00DBB2042B01DB49
:1015F00001200AE0DFF8283803EB8000C9B2405C24
:10160000824201D3012000E000207047F8B50600B7
:101610000F0015001C00022E01D301201DE02A003E
:101620003900C9B23000FFF7DBFF012801D10120EA
:1016300013E03800C0B2002812D1B4F5807F0DD27B
:10164000DFF8E0077603304400EB850010F58050AA
:10165000016864F30F2101600020F2BD0120FCE766
:10166000FFB2012F11D1B4F5803F0CD2DFF8B407DF
:101670007603304400EB850010F5A050016864F358
:1016800017210160E8E70120E7E70120E5E700B264
:101690000012C0B27047F8B505000E001700280010
:1016A00000B2FFF7F4FF04002000C0B2022801D30B
:1016B000012024E03A003100C9B22000C0B2FFF797
:1016C0008FFF012801D1012019E0DFF85817200011
:1016D000C0B2400308442A00D2B200EB8200D0F826
:1016E000000CF6B266F3092067F30700E4B2640366
:1016F0002144EDB201EB8501C1F8000C0020F2BDE0
:1017000070B504000D001600022C01D301201DE06D
:1017100032002900C9B22000FFF762FF012801D181
:10172000012013E0DFF8FC166003085850F0004079
:1017300050F0407050F47F00EDB265F3092066F37D
:1017400007006203885064030859002070BD10B57B
:10175000C0B2002800F0EA80022800F0EB80C0F060
:10176000E780042800F0EA80C0F0E680062800F058
:10177000E980C0F0E580082800F0E880C0F0E4804F
:101780000A2800F0E780C0F0E3800C2800F0E68033
:10179000C0F0E2800E2800F0E580C0F0E180102863
:1017A00000F0E480C0F0E080122800F0E380C0F098
:1017B000DF80142800F0E280C0F0DE80162800F000
:1017C000E180C0F0DD80182800F0E080C0F0DC800F
:1017D0001A2800F0DF80C0F0DB801C2800F0DE80DB
:1017E000C0F0DA801E2800F0DD80C0F0D98020280B
:1017F00000F0DC80C0F0D880222800F0DB80C0F050
:10180000D780242800F0DA80C0F0D680262800F0A7
:10181000D980C0F0D580282800F0D880C0F0D480CE
:101820002A2800F0D780C0F0D3802C2800F0D68082
:10183000C0F0D2802E2800F0D580C0F0D1803028B2
:1018400000F0D480C0F0D080322800F0D380C0F007
:10185000CF80342800F0D280C0F0CE80362800F04F
:10186000D180C0F0CD80382800F0D080C0F0CC808E
:101870003A2800F0CF80C0F0CB803C2800F0CE802A
:10188000C0F0CA803E2800F0CD80C0F0C98040285A
:1018900000F0CC80C0F0C880422800F0CB80C0F0BF
:1018A000C780442800F0CA80C0F0C680462800F0F7
:1018B000C980C0F0C580482800F0C880C0F0C4804E
:1018C0004A2800F0C780C0F0C3804C2800F0C680D2
:1018D000C0F0C2804E2800F0C580C0F0C180502802
:1018E00000F0C480C0F0C080522800F0C380C0F077
:1018F000BF80542800F0C280C0F0BE80562800F09F
:10190000C180C0F0BD80582800F0C080C0F0BC800D
:101910005A2800F0BF80C0F0BB805C2800F0BE8079
:10192000C0F0BA805D2800F0BB80BBE01924BFE0A6
:101930003124BDE01824BBE03324B9E03524B7E0FE
:101940001424B5E03724B3E01324B1E02024AFE041
:101950001224ADE02124ABE01124A9E01024A7E07B
:101960002824A5E02924A3E02A24A1E009249FE05B
:101970002B249DE008249BE02C2499E0032497E08D
:10198000022495E0392493E03B2491E03D248FE04C
:1019900001248DE03F248BE0002489E0402487E08F
:1019A000412485E0422483E0432481E0BF247FE09A
:1019B00048247DE049247BE0BC2479E0992477E049
:1019C0009A2475E0502473E09B2471E0B6246FE004
:1019D00051246DE09C246BE0B52469E0522467E05B
:1019E000A02465E0B42463E0532461E0B3245FE005
:1019F00054245DE0B2245BE0B12459E0AD2457E00B
:101A0000602455E0AE2453E0612451E0AD244FE062
:101A100062244DE063244BE0AB2449E0642447E0BA
:101A2000AA2445E0652443E0A92441E0A8243FE03E
:101A300069243DE06B243BE06D2439E06F2437E0FE
:101A4000A32435E0702433E0A22431E071242FE098
:101A5000A1242DE097242BE0962429E0742427E08C
:101A6000952425E0752423E0942421E093241FE0AD
:101A700092241DE078241BE0792419E08C2417E0DF
:101A80007A2415E08B2413E07B2411E08A240FE0F4
:101A90005A240DE059240BE0892409E0582407E07A
:101AA000882405E09D22DFF84019002000F03CFE6C
:101AB0002000C0B210BD10B5C0B2002800F0EA800E
:101AC000022800F0EB80C0F0E780042800F0EA80F4
:101AD000C0F0E680062800F0E980C0F0E580082824
:101AE00000F0E880C0F0E4800A2800F0E780C0F051
:101AF000E3800C2800F0E680C0F0E2800E2800F0C1
:101B0000E580C0F0E180102800F0E480C0F0E080C3
:101B1000122800F0E380C0F0DF80142800F0E2809B
:101B2000C0F0DE80162800F0E180C0F0DD801828CB
:101B300000F0E080C0F0DC801A2800F0DF80C0F008
:101B4000DB801C2800F0DE80C0F0DA801E2800F068
:101B5000DD80C0F0D980202800F0DC80C0F0D88083
:101B6000222800F0DB80C0F0D780242800F0DA8043
:101B7000C0F0D680262800F0D980C0F0D580282873
:101B800000F0D880C0F0D4802A2800F0D780C0F0C0
:101B9000D3802C2800F0D680C0F0D2802E2800F010
:101BA000D580C0F0D180302800F0D480C0F0D08043
:101BB000322800F0D380C0F0CF80342800F0D280EB
:101BC000C0F0CE80362800F0D180C0F0CD8038281B
:101BD00000F0D080C0F0CC803A2800F0CF80C0F078
:101BE000CB803C2800F0CE80C0F0CA803E2800F0B8
:101BF000CD80C0F0C980402800F0CC80C0F0C88003
:101C0000422800F0CB80C0F0C780442800F0CA8092
:101C1000C0F0C680462800F0C980C0F0C5804828C2
:101C200000F0C880C0F0C4804A2800F0C780C0F02F
:101C3000C3804C2800F0C680C0F0C2804E2800F05F
:101C4000C580C0F0C180502800F0C480C0F0C080C2
:101C5000522800F0C380C0F0BF80542800F0C2803A
:101C6000C0F0BE80562800F0C180C0F0BD8058286A
:101C700000F0C080C0F0BC805A2800F0BF80C0F0E7
:101C8000BB805C2800F0BE80C0F0BA805D2800F008
:101C9000BB80BBE00824C0E00824BEE00824BCE010
:101CA0000824BAE00824B8E00824B6E00824B4E028
:101CB0000824B2E00824B0E00824AEE00824ACE038
:101CC0000824AAE00824A8E00824A6E00824A4E048
:101CD0000824A2E00824A0E008249EE008249CE058
:101CE00008249AE0082498E0082496E0082494E068
:101CF000082492E0082490E008248EE008248CE078
:101D000008248AE0082488E0082486E0082484E087
:101D1000082482E0082480E008247EE008247CE097
:101D200008247AE0082478E0082476E0082474E0A7
:101D3000082472E0082470E008246EE008246CE0B7
:101D400008246AE0082468E0082466E0082464E0C7
:101D5000082462E0082460E008245EE008245CE0D7
:101D600008245AE0162458E0082456E0082454E0D9
:101D7000082452E0082450E008244EE008244CE0F7
:101D800008244AE0082448E0082446E0082444E007
:101D9000082442E0082440E008243EE008243CE017
:101DA00008243AE0082438E0082436E0082434E027
:101DB000082432E0082430E008242EE008242CE037
:101DC00008242AE0082428E0082426E0082424E047
:101DD000082422E0082420E008241EE008241CE057
:101DE00008241AE0082418E0082416E0082414E067
:101DF000082412E0082410E008240EE008240CE077
:101E000008240AE0082408E0082406E04FF486725B
:101E1000DFF8D415002000F087FC2000C0B210BD10
:101E2000749508100000044080B5C0B2002800F08E
:101E3000EA80022800F0EB80C0F0E780042800F080
:101E4000EA80C0F0E680062800F0E980C0F0E58076
:101E5000082800F0E880C0F0E4800A2800F0E7805D
:101E6000C0F0E3800C2800F0E680C0F0E2800E288D
:101E700000F0E580C0F0E180102800F0E480C0F0C0
:101E8000E080122800F0E380C0F0DF80142800F02A
:101E9000E280C0F0DE80162800F0E180C0F0DD8036
:101EA000182800F0E080C0F0DC801A2800F0DF8005
:101EB000C0F0DB801C2800F0DE80C0F0DA801E2835
:101EC00000F0DD80C0F0D980202800F0DC80C0F078
:101ED000D880222800F0DB80C0F0D780242800F0D2
:101EE000DA80C0F0D680262800F0D980C0F0D580F6
:101EF000282800F0D880C0F0D4802A2800F0D780AD
:101F0000C0F0D3802C2800F0D680C0F0D2802E28DC
:101F100000F0D580C0F0D180302800F0D480C0F02F
:101F2000D080322800F0D380C0F0CF80342800F079
:101F3000D280C0F0CE80362800F0D180C0F0CD80B5
:101F4000382800F0D080C0F0CC803A2800F0CF8054
:101F5000C0F0CB803C2800F0CE80C0F0CA803E2884
:101F600000F0CD80C0F0C980402800F0CC80C0F0E7
:101F7000C880422800F0CB80C0F0C780442800F021
:101F8000CA80C0F0C680462800F0C980C0F0C58075
:101F9000482800F0C880C0F0C4804A2800F0C780FC
:101FA000C0F0C3804C2800F0C680C0F0C2804E282C
:101FB00000F0C580C0F0C180502800F0C480C0F09F
:101FC000C080522800F0C380C0F0BF80542800F0C9
:101FD000C280C0F0BE80562800F0C180C0F0BD8035
:101FE000582800F0C080C0F0BC805A2800F0BF80A4
:101FF000C0F0BB805C2800F0BE80C0F0BA805D28D5
:1020000000F0BB80BBE00020C0E00020BEE001206B
:10201000BCE00120BAE00220B8E00320B6E00320D3
:10202000B4E00420B2E00420B0E00520AEE00520DA
:10203000ACE00620AAE00720A8E00920A6E00A20DC
:10204000A4E00B20A2E00B20A0E00C209EE00C20DE
:102050009CE00D209AE00D2098E00E2096E00F20E5
:1020600094E0102092E0112090E011208EE01220E8
:102070008CE012208AE0132088E0142086E01520EE
:1020800084E0162082E0162080E018207EE01920EF
:102090007CE019207AE01A2078E01B2076E01C20F2
:1020A00074E01C2072E01C2070E01D206EE01D20FA
:1020B0006CE01D206AE01E2068E01E2066E01E2005
:1020C00064E01F2062E01F2060E020205EE020200E
:1020D0005CE021205AE0222058E0242056E0242011
:1020E00054E0252052E0252050E026204EE0272015
:1020F0004CE027204AE0282048E0282046E029201C
:1021000044E0292042E02A2040E02C203EE02D201F
:102110003CE02E203AE02F2038E02F2036E030201F
:1021200034E0302032E0312030E031202EE0322027
:102130002CE033202AE0342028E0342026E035202B
:1021400024E0352022E0362020E037201EE0382031
:102150001CE039201AE0392018E03A2016E03A2035
:1021600014E03B2012E03B2010E03B200EE03C203E
:102170000CE03C200AE03D2008E03D2006E040F273
:102180007B129949002000F0CFFA0020C0B202BDB6
:10219000002007E09549C2018A5822F00042C3019D
:1021A000CA50401C3F28F5DB704770B504000E0094
:1021B000002000202000C0B2FFF736FE8B4DC0B2D9
:1021C000C0012844006A80B206FB00F642F210709B
:1021D000B6FBF0F62000C0B2FFF726FEC00128448F
:1021E000B6B246612000C0B2FFF71EFE0100C9B2C0
:1021F000C9012944096C51F00101C0B2C001284451
:10220000016470BD2DE9F041AAB004000D00160074
:10221000342100221DAF380000F006FB002074219D
:1022200000226F46380000F0FFFA0E201E902000BA
:10223000C0B2FFF740FC8DF87C002000C0B2FFF771
:1022400086FA07005FF008082000C0B2FFF77FFAA7
:102250001DAA97FBF8F108FB11773900644BC0B257
:10226000C010C001184400F09EFB2000C0B2FFF770
:10227000DBFD00220121C0B210F5937000B2FFF720
:102280000AFA2000C0B2FFF7CFFDC0B210F593707C
:1022900000B2FFF7FCF9092300220121C0B2FFF7C9
:1022A000B5F92000C0B2FFF7BFFDC0B210F59370C2
:1022B00000B2FFF7ECF900220121C0B2FFF720FACB
:1022C0004C48B0FBF5F1090C4A482A04B0FBF2F384
:1022D00002FB1300002800D0491C022903D2002071
:1022E0008DF801002FE0032903D201208DF80100B1
:1022F00029E0052903D202208DF8010023E00929F5
:1023000003D203208DF801001DE0112903D204201F
:102310008DF8010017E0212903D205208DF8010076
:1023200011E0412903D206208DF801000BE081293C
:1023300003D207208DF8010005E040F2C9122A49B6
:10234000002000F0F1F904208DF8000001208DF844
:10235000100000208DF8110003208DF812000320DA
:102360008DF8130000208DF80800224901229DF904
:1023700001008240B1FBF2F0B0FBF5F0401E059089
:102380000598401C06FB00F642F21070B6FBF0F018
:10239000089002208DF8400003208DF8680001208D
:1023A0001B9001208DF828002000C0B2FFF73CFDF3
:1023B0000E4D6946C0B2C001284400F033FB200036
:1023C000C0B2FFF731FDC0B2C001284400F02AFCC2
:1023D0002000C0B2FFF728FDC0B2C001284400F0C1
:1023E00026FC2AB0BDE8F081589108100000584042
:1023F0000000314000127A0082B0002001900020DD
:1024000000900020019009E00098401C0090009886
:10241000B0F5005FF8D30198401C01900198B0F529
:10242000805F02D200200090F1E702B0704780B5D3
:102430000100002000F0F6FD01BD2DE9F043ADF5EF
:10244000137D0700884616001C000020ADF802002E
:102450000020ADF80000002002900020ADF804003C
:102460000020ADF806004046FEF7D0FD0290DFF8F0
:1024700080532888002801D028698047DFF874033A
:102480000078002800F033812888002800F01181AE
:10249000BDF90600411CADF806103A00010089B2F2
:1024A0000020EB68984747464046FEF7AFFD029094
:1024B0006888A97990FBF1F0ADF804003800471C5A
:1024C00000780028FAD10020ADF800000EE07F1E51
:1024D00038782F2802D038785C2804D1BDF8000065
:1024E000401CADF800000298401E0290BDF80000AC
:1024F000022802DA02980028E9D50298002806D4BA
:102500007A1CDFF8F41253A800F0ACFF0EE0BDF81F
:102510000000002805D13A00B84953A800F0A2FFF6
:1025200004E03A00B44953A800F09CFF0020ADF845
:10253000020042E0BDF80010BDF80020BDF80230F6
:1025400053AF9BB2BDF90400434313FA82F0385CE9
:1025500043AA89B25054BDF80000401CADF80000F9
:10256000BDF8000080B2BDF9041088420EDA53A80D
:10257000FEF74CFDBDF80020BDF802309BB2BDF95E
:1025800004104B4313FA82F18842D3D2002043A9AE
:10259000BDF800208854BDF90600411CADF80610B6
:1025A00043AAE97911FB00F189B20020EB68984752
:1025B000BDF80200401CADF80200BDF8027053A83F
:1025C000FEF724FDBDF90410B0FBF1F0401CBFB2D2
:1025D000874203D20020ADF80000C1E732008849ED
:1025E00053A800F03FFFBDF90600411CADF80610EE
:1025F00053AAE97911FB00F189B20020EB689847F2
:10260000002C74D00020ADF8020041E0BDF80010AD
:10261000BDF80020BDF802309BB2BDF90400434371
:1026200013FA82F0205C43AA89B25054BDF800002E
:10263000401CADF80000BDF8000080B2BDF90410E8
:1026400088420EDA2000FEF7E1FCBDF80020BDF85C
:1026500002309BB2BDF904104B4313FA82F1884259
:10266000D4D2002043A9BDF800208854BDF906004B
:10267000411CADF8061043AAE97911FB00F189B2BB
:102680000020EB689847BDF80200401CADF802003E
:10269000BDF802602000FEF7B9FCBDF90410B0FBE4
:1026A000F1F0401CB6B2864221D20020ADF8000005
:1026B000C1E74FF4807100220DF10C09484600F08B
:1026C000B3F83800A9688847002C07D0009433007D
:1026D00042464C4903A800F0C5FE05E033004246DF
:1026E000494903A800F0BEFE03A8A96888470DF574
:1026F000137DBDE8F08310B53E480078002809D06E
:10270000434C2100002000F09BFC012221003F48A7
:1027100000F02DFF10BD10B514002200D2B2002031
:1027200000F071FC200010BD38B50C001500C0B2DF
:10273000002803D137480078002800D131BD364940
:102740000878002800D0FEE70878401C087001F0E7
:1027500017F900232A0021003048FFF76EFEFFF72B
:102760004BFEF6E7002101804FF6FF71418081802A
:10277000FF218171C171002181600021C1600021B0
:10278000016170471A4902880A8042884A8082881B
:102790008A8082798A71C279CA7182688A60C268C5
:1027A000CA6000690861012012490870704700B5CD
:1027B00085B06846FFF7D6FF194802906846FFF7D4
:1027C000E1FF05B000BD80B5FFF7F1FF0023002257
:1027D0005FF4E131002000F059FD4023114A00214F
:1027E0000A4801F064F80121002000F0D0FC01BD8E
:1027F000B8100228A4110228449508101895081052
:102800005095081064940810E8940810701002287D
:10281000A5110228F6080228A611022828950810FA
:102820002F240810800F022862F30F2262F31F4248
:10283000401810F0030308D0C91A1FD3DB0748BFA4
:1028400000F8012D28BF20F8022D130030B41446E3
:102850001546103928BF20E93C00FAD8490728BF9F
:1028600020E90C0048BF40F8042D890028BF20F85B
:10287000022D48BF00F8012D30BC7047C91818BFA1
:1028800000F8012DCB0728BF00F8012D704700008C
:1028900030B4614B1818C009604C14EB00140429C3
:1028A0000DD223681F25C8008540AB43D2B212F079
:1028B0001F02C90012FA01F1194321600CE0091F3F
:1028C00063681F25C8008540AB43D2B212F01F02D7
:1028D000C9008A401A43626030BC7047002A04D1A4
:1028E000012212FA01F1416003E0012212FA01F122
:1028F0008160704710B48900436C0F248C40A3435F
:1029000012F00F0212FA01F11943416410BC704732
:1029100010B4836C01248C40A34312F0010212FA1C
:1029200001F11943816410BC704710B4C36C0124D9
:102930008C40A34312F0010212FA01F11943C16461
:1029400010BC704710B449001031C36C03248C4094
:10295000A34312F0030212FA01F11943C16410BC3F
:1029600070474269012212FA01F1416140697047E2
:1029700010B4836901248C40A34312F0010212FABF
:1029800001F11943816110BC704710B44900036C18
:1029900003248C40A34312F0030212FA01F11943FD
:1029A000016410BC7047F8B505000E001400002744
:1029B000002D2ED0002C2CD0226831002800FFF7EB
:1029C0008DFF227A31002800FFF762FF6269310033
:1029D0002800FFF79DFFA26931002800FFF7A5FF3F
:1029E000E26931002800FFF7ADFF6268310028007E
:1029F000FFF780FFE26831002800FFF7C6FF3100D3
:102A00002800FFF7AEFF226931002800FFF7B0FF72
:102A100000E0034F3800F2BD0000CFBF000030409F
:102A200001005A000122002800F0EC80002900F08B
:102A3000E980754A12680B7A63F392420B7B13F0BC
:102A4000030363F311420B7813F0070363F31A6275
:102A50008B7863F39E7291F8283063F3000291F84B
:102A6000343063F341020B7F63F382024B7F63F3E5
:102A7000C30291F8403063F38A2291F84030DBB210
:102A80005B08DBB263F3492291F8703063F30822EC
:102A900091F8713013F0030363F30D3202600A7A88
:102AA000002A02D10022826007E00A7A012A02D1BC
:102AB0004A69826001E0012282600A6A02614A6A10
:102AC0004261CA6A82610A6BC2614A6902628A69AA
:102AD00042624E4A126891F8443003F0FF03120A32
:102AE00012021A4391F84C3003F0FF0363F31742CC
:102AF00091F85C3003F0FF0363F31F6291F86C30D0
:102B000003F0FF0363F30F224264414A126891F815
:102B1000643003F0FF0363F30F2291F8543003F0A5
:102B2000FF03120A12021A4382643A4A126891F8A9
:102B3000413013F00303920892001A4391F8603079
:102B400013F0030363F38B2291F8483013F003036F
:102B500063F3051291F8503013F0030363F3092275
:102B600091F8583013F0030363F3871291F868303B
:102B700013F0030363F38302C264274A126891F8D7
:102B8000723013F00703D208D2001A4391F8733061
:102B900013F0070363F30612426591F8352082674C
:102BA0001E4A12680B7C13F00303920892001A432A
:102BB000CB7C13F0030363F387124B7C13F0030306
:102BC00063F383028B7C13F0030363F30512026546
:102BD000134A1268CB8863F31F428B889BB21B0A8F
:102BE0009BB263F30F220B78052B06D1097901F014
:102BF000FF01120A12020A4302E0497861F3070258
:102C00000263002210007047F8950810FC95081028
:102C10000096081004960810089608100C960810E4
:102C200010960810016851F0004101607047403073
:102C3000016851F01001016070470000022801D3C3
:102C4000012010E00B00DBB2042B01DB01200AE0C5
:102C5000DFF8CC3703EB8000C9B2405C824201D37D
:102C6000012000E000207047F8B504000F001500B7
:102C70001E00022C01D301202AE02A003900C9B22B
:102C80002000FFF7DBFF012801D1012020E006989A
:102C90003900C9B202291ED1B6F5803F19D22028C9
:102CA00017D24FF4C052DFF87C1763030B4403EBD9
:102CB000850313441F6866F317271F6064032144CC
:102CC00001EB850111440A6860F3C7020A60002025
:102CD000F2BD0120FCE7FFB2032F1FD1B6F1807FC8
:102CE0001AD2202818D24FF4E052DFF838176303C5
:102CF0000B4403EB850313441F6807F0FF0757EAF3
:102D000006271F606403214401EB850111440A6812
:102D100060F3C7020A60DAE70120D9E70120D7E7AC
:102D200000B20012C0B27047F8B505000E001700DF
:102D3000280000B2FFF7F4FF04002000C0B2022810
:102D400001D3012024E03A003100C9B22000C0B212
:102D5000FFF774FF012801D1012019E0DFF8C41644
:102D60002000C0B2400308442A00D2B200EB820027
:102D7000D0F8000CF6B266F3092067F30700E4B25E
:102D800064032144EDB201EB8501C1F8000C002081
:102D9000F2BD70B504000D001600022C01D3012015
:102DA0001DE032002900C9B22000FFF747FF0128CB
:102DB00001D1012013E0DFF86C166003085850F0D1
:102DC000004050F0407050F47F00EDB265F30920F0
:102DD00066F307006203885064030859002070BD41
:102DE000D0F840037047D0F80803C005C00D704705
:102DF000C0F840127047D0F80802C005C00D7047F7
:102E0000D0F80802C0F3C030704738B5050028007C
:102E1000FFF7F1FF04002800FFF7F2FF0419002C70
:102E200001D1012000E00020C0B232BDC0F8C81FAF
:102E30007047D0F8C80F7047C0F8881F7047D0F8A7
:102E4000880F7047016851F000410160704738B544
:102E500004001500C9B2002906D002291ED010D3E3
:102E6000042935D027D340E0DFF8BC05A06001205D
:102E70002073112060734FF48C70E0811220208247
:102E800039E0DFF8A805A0600120207311206073ED
:102E900040F21D10E0816B2020822CE0DFF89005CD
:102EA000A06001202073112060734FF48E70E081C8
:102EB0006A2020821FE0DFF87C05A06002202073DA
:102EC0001120607340F21B10E0816920208212E023
:102ED000DFF86405A06001202073132060734FF4B5
:102EE0008D70E0816820208205E07C22DFF84C159F
:102EF0000020FFF719FCEDB2002D06D0022D1ED0E8
:102F000010D3042D35D027D340E0DFF81C05206016
:102F100000202071112060714FF48C70E08112202C
:102F2000208239E0DFF804052060002020711120A4
:102F3000607140F21D10E0816B2020822CE0DFF8F0
:102F4000F004206000202071112060714FF48E7019
:102F5000E0816A2020821FE0DFF8D8042060012091
:102F600020711120607140F21B10E08169202082E5
:102F700012E0DFF8C404206000202071132060718B
:102F80004FF48D70E0816820208205E0A822DFF8F0
:102F9000AC140020FFF7C8FB31BD10B5C0B200284B
:102FA00006D002280AD006D304280DD009D30EE09B
:102FB000DFF88C4411E0DFF88C440EE0DFF8884441
:102FC0000BE0DFF8884408E0DFF8844405E0BD2228
:102FD000DFF868140020FFF7A7FB200010BD38B50C
:102FE0000400DFF87054C9B22000C0B255F82000C8
:102FF000FFF7FEFE2000C0B255F82000FFF705FFE6
:103000000028F7D031BD70B505000E00140006E0B1
:1030100031782800C0B2FFF7E2FF641E761C002C56
:10302000F6D170BD38B504000D0005E02978200008
:10303000C0B2FFF7D4FF6D1C28780028F6D131BD4F
:1030400070B504000D000020DFF808642000C0B255
:1030500056F82000FFF7C7FE002807D0E4B256F864
:103060002400FFF7BDFE2870012000E00020C0B260
:1030700070BD70B505000C00DFF8D8632800C0B241
:1030800056F82000FFF7DBFE400840000100280052
:10309000C0B256F82000FFF7CFFE2800C0B256F8A5
:1030A0002000FFF7CCFE30F0020001002800C0B283
:1030B00056F82000FFF7C0FE2800C0B256F82000E6
:1030C000FFF7BDFE30F0200001002800C0B256F826
:1030D0002000FFF7B1FE2800C0B256F82000FFF72D
:1030E000AEFE30F0400001002800C0B256F82000CB
:1030F000FFF7A2FE2800C0B256F82000FFF79FFE9F
:1031000030F0100001002800C0B256F82000FFF790
:1031100093FE2800C0B256F82000FFF790FE30F46E
:10312000807001002800C0B256F82000FFF784FE2E
:103130002800C0B256F82000FFF781FE30F480600E
:1031400001002800C0B256F82000FFF775FE002CE1
:103150000ED02800C0B256F82000FFF76AFE50F4E7
:1031600000700100EDB256F82500FFF765FE0DE096
:103170002800C0B256F82000FFF75BFE30F4007064
:103180000100EDB256F82500FFF756FE70BD70B590
:1031900005000C00DFF8BC622800C0B256F8200021
:1031A000FFF747FE4008400001002800C0B256F873
:1031B0002000FFF73BFE2800C0B256F82000FFF7C2
:1031C00038FE30F0080001002800C0B256F8200098
:1031D000FFF72CFE2800C0B256F82000FFF729FEAA
:1031E00030F0200001002800C0B256F82000FFF7A0
:1031F0001DFE2800C0B256F82000FFF71AFE30F47A
:10320000807001002800C0B256F82000FFF70EFEC3
:103210002800C0B256F82000FFF70BFE30F4007013
:1032200001002800C0B256F82000FFF7FFFD28007B
:10323000C0B256F82000FFF7FCFD30F4006001003A
:103240002800C0B256F82000FFF7F0FD002C0ED089
:103250002800C0B256F82000FFF7EBFD50F0040044
:103260000100EDB256F82500FFF7E0FD0DE0280063
:10327000C0B256F82000FFF7DCFD30F0040001007A
:10328000EDB256F82500FFF7D1FD70BD2DE9F841EC
:10329000A7B005000F00160028003100C0B2C9B267
:1032A000884201D1012000E000201C00DFF88C8161
:1032B0004FF4CE724146C0B2FFF736FA2800210023
:1032C000C0B2C9B2884201D1012000E0002040F222
:1032D0009D124146C0B2FFF727FA02A8142100F060
:1032E00077FB342100220DF168084046FFF79CFA75
:1032F0004C2100220DF11C084046FFF795FAFF0013
:103300003A00002354480021FEF742F8070022004B
:10331000D2B23100C9B202A8FFF799FD08201B9074
:103320009DF80D008DF870001AAA9DF80C100298F7
:10333000FFF739FB06201B909DF80D008DF87000FB
:103340001AAA9DF814100498FFF72DFB002007908F
:10335000082008900820099002200B9000200C9073
:1033600000201290002014903A4C2800C0B254F86B
:10337000200000F073FC39492A00D2B238204243C1
:103380000A4407A92800C0B254F8200000F024FB2A
:103390002800C0B254F82000FFF754FD2A00D2B232
:1033A0000321BDF91600FFF7BFFCBDF91600FFF7BA
:1033B000B7FC17F01F010091C7F357132A00D2B2D0
:1033C0000321C0B2FFF750FCBDF91600FFF7A8FCBF
:1033D0002A00D2B20321C0B2FFF7DBFCBDF918000E
:1033E000ADF800000320ADF8020001208DF80400C4
:1033F00007221B482900C9B250F82110684600F086
:10340000CBFA00212800C0B2FFF7C1FE002128003E
:10341000C0B2FFF72EFE28B0BDE8F081000000002A
:103420007495081000000440000031400002314053
:1034300000053140800831400007314058920810A3
:1034400000006040000065400000644000006340F0
:1034500000006240E008022800809698F80A0228DE
:10346000CC0802280CB430B583B00A4606A90291F4
:10347000044600250194009502AB01A90848784450
:103480001E30FCF700FE019A157000284EBF04465E
:103490000198041B204603B030BC5DF80CFB00BF54
:1034A00023DBFFFF82688918816003E0826841693D
:1034B000521A8260816842699142F7D27047C268AD
:1034C0008918C16003E0C2684169521AC260C168CC
:1034D00042699142F7D2704770B50400002C01D0C8
:1034E000012000E000205422DFF8FC13C0B2FFF7F7
:1034F0001BF90025207850F0010020700020A0600A
:103500000020E060606920616078002803D0022814
:1035100010D007D315E06169002266683000FFF71C
:1035200083F90EE061694900002266683000FFF708
:103530007BF906E061698900002266683000FFF7C8
:1035400073F9002020702800C0B270BD10B50400CF
:10355000002C01D0012000E000207022DFF8881349
:10356000C0B2FFF7E1F860692169401A10BD2DE98A
:10357000F84305001600002D01D0012000E00020D6
:103580000C00AA22DFF86013C0B2FFF7CDF80027C5
:103590000020002C01D10327B5E0287810F0050F9A
:1035A00001D00427AFE0287850F004002870286983
:1035B000B042C0F0A380D5F81480A868B8EB00082A
:1035C000B04567D26878002803D0022841D01FD3C5
:1035D00090E0424621006868AB6800EB030948466A
:1035E000FDF75CFD41462800FFF75CFFB6EB0802E3
:1035F00004EB08016868AB6800EB03042000FDF7EA
:103600004DFDB6EB080841462800FFF74BFF71E07F
:103610005FEA480221006868AB6800EB430948464E
:10362000FDF73CFD41462800FFF73CFFB6EB0802E2
:10363000520004EB48016868AB6800EB43042000CB
:10364000FDF72CFDB6EB080841462800FFF72AFFDE
:1036500050E05FEA880221006868AB6800EB8309EC
:103660004846FDF71BFD41462800FFF71BFFB6EB60
:103670000802920004EB88016868AB6800EB8304E1
:103680002000FDF70BFDB6EB080841462800FFF7C8
:1036900009FF2FE06878002803D002281DD00ED340
:1036A00028E0320021006868AB6800EB03042000CA
:1036B000FDF7F4FC31002800FFF7F4FE1AE0720079
:1036C00021006868AB6800EB43042000FDF7E6FCCE
:1036D00031002800FFF7E6FE0CE0B2002100686828
:1036E000AB6800EB83042000FDF7D8FC3100280014
:1036F000FFF7D8FE2869861B2E6100E00527287891
:1037000010F0FB0028703800C0B2BDE8F2832DE94C
:10371000F04705000E001F00002D01D0012000E041
:1037200000201400DFF8C08140F25B124146C0B2B5
:10373000FEF7FAFF002C01D0012000E000204FF43A
:10374000AE724146C0B2FEF7EFFF5FF00008002006
:103750000020002E02D15FF003088BE0297811F0E1
:10376000030F03D020605FF006089CE02800FFF7FD
:10377000EDFE2168884209D220605FF0070800282A
:1037800004D1287810F0F70028708CE0287850F0E9
:1037900008002870D5F81490E868B9EB0009206893
:1037A000814522D36878002803D0022813D008D39B
:1037B0005CE022686868E96801443000FDF76EFC4F
:1037C00054E0226852006868E96800EB410130006B
:1037D000FDF764FC4AE0226892006868E96800EB43
:1037E00081013000FDF75AFC40E06878002803D0E2
:1037F000022827D011D339E04A466868E9680144B5
:10380000B2465046FDF74AFC2268B2EB09026968ED
:103810004E443000FDF742FC28E05FEA4902686848
:10382000E96800EB4101B2465046FDF737FC2268DB
:10383000B2EB09025200696806EB49063000FDF759
:103840002DFC13E05FEA89026868E96800EB8101FA
:10385000B2465046FDF722FC2268B2EB0902920004
:10386000696806EB89063000FDF718FC287810F02F
:10387000F7002870FFB2002F15D128780B2802D14D
:103880005FF002080FE0287850F0020028702168ED
:103890002800FFF714FE296920684118296128785B
:1038A00010F0FD0028704046C0B2BDE8F087F8B5C2
:1038B00004000E0017001D00002C01D0012000E0C4
:1038C00000204FF407720849C0B2FEF72DFF002018
:1038D00067600021217066700021A1600021E16015
:1038E00025616561C0B2F2BD58900810010009B2AF
:1038F000002908D4012210F01F018A401B4900B2A0
:10390000400941F820207047010009B2002908D47D
:10391000012210F01F018A40154900B2400941F808
:1039200020207047020012B2002A04D44901114A33
:1039300000B2115407E049010F4A00B210F00F0025
:10394000104400F8041C7047002800D162B60B48F0
:103950000168491C0160704772B608490868002870
:1039600002D00868401E08600868704700E100E067
:1039700080E200E000E400E018ED00E08811022899
:1039800080B5FFF7E9FFFEF703FC01BD80B5C9B2C2
:1039900000B2FFF7C7FF01BD70B504000D001600AF
:1039A000200000F0A3F92900B4F9000000F0DDF9CF
:1039B0003100C9B2B4F90200FFF7E8FFB4F9020020
:1039C000FFF7A2FFB4F90200FFF790FF70BD0000FF
:1039D000002200F0E1B900002DE9F44FDFF8D82211
:1039E000DFF8D8321B68DFF8D8422468DFF8D452F9
:1039F0002D68DFF8D4623668DFF8D0723F68DFF8F0
:103A0000D0C2DCF800C0DFF8CCE2DEF800E0DFF87E
:103A1000C882D8F80080DFF8C492D9F80090DFF8A7
:103A2000C0A2DAF800A0002800F01581002900F0FB
:103A300012810A68022A06D191F82620002A02D1B2
:103A40005FF0000B03E0D1F804B0BBF1010B91F87B
:103A50002420002A01D0012200E0002262F310435A
:103A600033F440436BF30303022262F319630360F0
:103A70000A7812F0030262F31964046491F82520B5
:103A8000002A01D0012200E0002262F38615CA7EDE
:103A9000002A01D0012200E0002262F38A254A7E3A
:103AA000002A01D0012200E0002262F308258A7E6C
:103AB000002A01D0012200E0002262F349258A6B2E
:103AC000521E12F00F0262F313450A69521E12F0E1
:103AD0000702ED08ED0015434A6962F304154A69CF
:103AE000520862F3451585640A7B002A01D0012241
:103AF00000E0002262F308260A7E002A01D001229B
:103B000000E0002262F349268A68521E12F01F026A
:103B1000760976011643C0F800630A7F02F0FF02BF
:103B20003F0A3F02174391F8202002F0FF0262F3A0
:103B30001747C0F8107391F82720002A01D00122FE
:103B400000E0002262F3082C0A69521E12F00702FC
:103B50005FEADC0C5FEACC0C52EA0C0C4A6962F3B7
:103B6000041C4A69520862F3451CC0F844C00A7B31
:103B7000002A01D0012200E0002262F3082E8A68A8
:103B8000521E12F01F025FEA5E1E5FEA4E1E52EAEC
:103B90000E0E0A68012A01D1012200E0002262F320
:103BA000104EC0F800E291F83C2002F0FF025FEAFC
:103BB00018285FEA082852EA0808C0F8048391F838
:103BC0002820002A01D0012200E0002262F3596976
:103BD000CA6A012A01D1012200E0002262F31869B9
:103BE0004A6B012A01D1012300E00023009A63F30C
:103BF000104991F8303003F0FF035FEA19295FEABA
:103C0000092953EA0909C0F8509091F8443003F0AB
:103C1000FF035FEA1A2A5FEA0A2A53EA0A0AC0F88F
:103C200004A28B6CC0F8883F096CC0F8C81F002A3A
:103C300010D0002050600020106000209060002014
:103C4000D060002010620020D06200201063DFF8F6
:103C50009400506300221000BDE8F28FDFF8881056
:103C600001605FF4401101640021816440F207119A
:103C7000C0F800130022C0F804230022C0F810236B
:103C800000224264C0F800120021C0F80412002192
:103C900001650021C0F8C81E0021C0F8881E00215F
:103CA000C0F8C81F0021C0F8881F0021C0F8081FF5
:103CB0000021C0F8481F70470160AA00B4950810A1
:103CC000B8950810BC950810C0950810C495081048
:103CD000C8950810CC950810D0950810D4950810F8
:103CE000D8950810EFCDAB000F00000330B40021D1
:103CF000234A1368234A1468002832D0224A1568E0
:103D0000C5F303250E2D0FD01268C2F303220D2A2E
:103D100028D1827812F00F02240924011443027979
:103D2000002A15D0012214E0827812F00F021B093C
:103D30001B0113430279002A01D0012200E0002276
:103D400062F3DF73114AB0F9000042F8203009E055
:103D5000002262F3DF740E4AB0F9000042F82040FE
:103D600000E00649080030BC70470A4B1A68002A78
:103D700003D01A6800B242F82010704701005600C4
:103D8000DC950810E09508100000204000A02040BD
:103D900000C02040F006022800B500BF1300964680
:103DA0009446103928BFA0E80C50FAD85FEA417C4D
:103DB00028BF0CC048BF40F8042BC90728BF20F813
:103DC000022B48BF00F8012B00BD0000DFF8C41132
:103DD0000868C0F34000002801D0022002E0086813
:103DE00010F001007047DFF8B001006810F001002A
:103DF00070470000C21E022A01D3012002E0C01E4B
:103E00000860002070471CB5FF246946FFF7F2FFE9
:103E1000C0B2002802D02000C0B207E0DFF8FC01E9
:103E2000009950F8210010F00100C0B216BD00004A
:103E3000002801D0032801D3012002E0401E0860C1
:103E4000002070471CB5FF246946FFF7F1FFC0B2A0
:103E5000002802D02000C0B208E0DFF8C4010099B9
:103E600009010844C06810F00100C0B216BD00008E
:103E7000DFF8BC010068800810F00100704738B519
:103E800004002000C0B2082811D3DFF8985118228E
:103E9000DFF89411280000F00DFC0020E87540F6D2
:103EA0005B00DFF888110860002000F03BFCDFF8C1
:103EB000CC112000C0B251F82000C0F3002000282F
:103EC00005D0E4B251F8240010F00F0000E0FF200C
:103ED00032BD38B504002000C0B2082811D3DFF885
:103EE00044511822DFF84011280000F0E3FB0020C5
:103EF000E8754FF40960DFF834110860002000F025
:103F000011FCDFF87801E4B250F82400C0F301108E
:103F1000C0B232BDDFF868211368C3F30723036022
:103F20001068C0F3C40008607047DFF858211368B8
:103F3000C3F3072303601068C0F3C4000860704730
:103F400038B50400072C11D3DFF8D8501822DFF859
:103F5000C411280000F0AEFB0020E8754FF4CE70CD
:103F6000DFF8C8100860002000F0DCFBDFF8A001DB
:103F700050F8240010F00700010009B2042907D10D
:103F8000DFF8880150F8240010F01F0050F4807012
:103F900000B232BD2415264040152640DFF8B0128D
:103FA00009688A03920B0260090E11F00101C171C8
:103FB000DFF8A01209680A00D204D20C82800A003D
:103FC000120C02F0FF020281090C01F0FF01418195
:103FD000DFF84411096811F00F0202730A00C2F3FE
:103FE000031242730A00120AD204D20CC281090FD2
:103FF00011F003010174DFF8641309680A00120A62
:1040000012F0070282710A00120CD205D20D428210
:10401000890F11F00101017570470000401626401C
:104020000019264058100228A08D081048110228B7
:10403000100027401CB50C006946FFF7DBFE0100AD
:10404000C9B2002901D0C0B217E0DFF8B40400996A
:1040500050F8210010F07F012160C0F3042161605D
:10406000C0F30441A1600100090F11F00301617365
:10407000C00E10F001002073002016BD4012264033
:1040800008002040080420401CB50C006946FFF7DA
:10409000CFFE0100C9B2002901D0C0B235E0DFF87F
:1040A000101500980001085800F0FF022260C0F3CC
:1040B00004226260C0F30442A260000F10F003000B
:1040C000207300980001084442681000C00F60731C
:1040D000C2F30270002801D0012000E00020A0738C
:1040E00022F07F42226100980001084480680100AC
:1040F000C90F21750100090E11F001016175A0754C
:10410000000C10F00700E075002016BD00012640ED
:1041100000122640308E08103815264080B5010068
:10412000DFF868051822FCF7C9FF0120DFF86015E9
:104130000870002002BDDFF85C150968C90F00296E
:1041400008D0DFF84C150978002907D1002101605B
:1041500003207047002101600320FAE7DFF82C15E7
:10416000096801600020F4E710B50400FFF72EFE97
:10417000002803D10020206003200DE0DFF81005A7
:104180000078002805D0DFF8040580682060002052
:1041900002E000202060032010BD0000DFF8F014D2
:1041A0000978002905D0DFF8E4144968016000208F
:1041B00002E00021016003207047DFF8DC14096889
:1041C000C90F002908D0DFF8C8140978002907D1E1
:1041D0000021016003207047002101600320FAE7FD
:1041E000DFF8A814C96801600020F4E7DFF8AC1418
:1041F0000968C90F002908D0DFF89414097800294C
:1042000007D10021016003207047002101600320D5
:10421000FAE7DFF87814096901600020F4E710B5C7
:104220000400FFF725FE002803D1002020600320B2
:104230000DE0DFF85C040078002805D0DFF84C04BE
:1042400040692060002002E000202060032010BDB3
:10425000301526403415264010B50C00C0B2FFF7CB
:104260006FFE00280ED0012810D0022812D0B0F521
:10427000887F13D040F21111884213D0B0F58A7FA5
:1042800014D017E02000FFF756FF16E02000FFF7DC
:1042900085FF12E02000FFF767FF0EE02000FFF728
:1042A0008CFF0AE02000FFF7BAFF06E02000FFF7CE
:1042B0009DFF02E000202060032010BD80B50100BA
:1042C0000020FFF7C9FF02BD80B50322D2B28242AF
:1042D00003D200200860012003E0401CC0B2FFF7B9
:1042E000BBFF02BD18B587B004006846FFF7E6FFC4
:1042F0000100C9B2002903D000212160C0B22BE027
:1043000001A8FFF74BFE9DF81400022803D1009886
:104310002060002020E0DFF888030068C00F00283C
:1043200008D0FFF760FDC0B2002807D10020206050
:10433000032011E00098206000200DE00099019812
:104340004143BDF80800B1FBF0F09DF80B10491C8B
:10435000B0FBF1F02060002008B010BD3C152640F5
:10436000F0B58BB005000C0069462800C0B2FFF71D
:10437000ABFF0100C9B2002903D000212160C0B207
:10438000BCE02800C0B202284CD307A92800C0B264
:10439000401CFFF74FFEC0B2002811D0DFF80463C5
:1043A0001822DFF80413300000F084F90020F075C3
:1043B00040F66310DFF8F4120860002000F0B2F954
:1043C0004F482900C9B200EB810050F8080CC00F1B
:1043D000002807D09DF82900022807D10098206006
:1043E00000208BE000982060002087E0EDB26D1C7B
:1043F0002800FFF708FD0100C9B2002902D0C0B2B1
:10440000FF2803D100202060032077E0009907985F
:1044100041430898B1FBF0F00999B0FBF1F020603E
:1044200000206BE001A92800C0B2401CFFF72CFE61
:10443000C0B2002811D0DFF86C621822DFF86812D1
:10444000300000F037F90020F07540F67F10DFF8FB
:104450005C120860002000F065F955482900C9B2D7
:1044600009014058C00F002807D09DF8100002280D
:1044700007D100982060002040E0009820600020D4
:104480003CE0EDB26D1C2800FFF7DCFC0100C9B276
:10449000002902D0C0B2FF2803D1002020600320F1
:1044A0002CE09DF8110001281DD1009A0023019EE7
:1044B00000273F0647EA16273606059800213618DA
:1044C0004F41A6FB020106FB031107FB0211029AF2
:1044D000039BA3FB0223FCF75BFF000E40EA0120D5
:1044E000090E206009E00099019841430298B1FB50
:1044F000F0F00399B0FBF1F0206000200BB0F0BDAC
:104500000016264010B50323421E0400E4B2002C1E
:1045100003D10800FFF7E6FE0CE01400DBB2E4B2C2
:10452000A34204D31000C0B2FFF71AFF02E0C0B2EA
:10453000FFF792FE10BD38B505000C002800C0B290
:10454000FFF79DFC0100C9B2FF2904D12000FFF74D
:10455000F2FDC0B21BE06946C0B2FFF7D3FF010015
:10456000C9B2002903D000212160C0B20FE02800A9
:10457000C0B2FFF7AEFCC0B2002805D002280BD0B5
:1045800006D303280CD00FE000982060002032BD35
:10459000009840082060F9E7009880082060F5E75F
:1045A0000098C0082060F1E7002020600320EEE7BB
:1045B000001926401FB5040002A90120FFF7BBFF28
:1045C0000100C9B2002903D000212160C0B21AE065
:1045D000694601A8FFF79EFC01980021421C71F179
:1045E000FF335B0143EAD2635201009800211218A5
:1045F0004B4102980021490141EAD0614001FCF79A
:10460000C7FE2060002004B010BD1FB5040002A941
:104610000120FFF790FF0100C9B2002903D000215B
:104620002160C0B21AE0694601A8FFF77EFC01983C
:104630000021421C71F1FF335B0143EAD263520156
:104640000098002112184B4102980021490141EACB
:10465000D0614001FCF79CFE2060002004B010BD3A
:1046600080B5DFF84C100A68C2F303220E2A07D087
:104670000968C1F303210D2905D1FFF7C6FF02BD6B
:10468000FFF798FFFBE70120F9E700004010022840
:10469000A011022818152640081526400C152640A2
:1046A0003015264058100228308E08104811022874
:1046B0000000204001B58B071AD1830724D1121FB7
:1046C00021D351F8043BA3F1013C2CEA030C1CF06C
:1046D000803C04BF40F8043BF1E79CFA8CFCBCFA38
:1046E0008CF1C1F118018B40CB4040F8043B13E042
:1046F000042A09D311F8013B521E00F8013B5BB1BB
:104700008B07F7D1D9E7121D5AB111F8013B521EA0
:1047100000F8013B03B1F8D111001CBF0022FEF7E5
:1047200087F801BD01BEFEE780B5234A23490B6827
:1047300093423ED00A60224A12684A62214A8A6243
:1047400002684A6042688A608268CA60C2680A6118
:1047500002694A6142698A618269CA61C2690A6200
:10476000F1EE102A12F0900F23D0174A8A62026AE3
:10477000CA62426A0A63826A4A63C26A8A63026BD5
:10478000CA63426B0A64826B4A64C26B8A64026CBD
:10479000CA64426C0A65826C4A65C26C8A65026DA5
:1047A000CA65426D0A66826D4A66C26D8A66006E8F
:1047B000C86600F00BF801BDFAF9F8F7800E022880
:1047C00028ED00E0A4A3A2A1ABAAA9A8FEE70000DF
:1047D000C0F840127047D0F80802C005C00D7047FD
:1047E000D0F80802C0F3C030704738B50500280083
:1047F000FFF7F1FF04002800FFF7F2FF0419002C77
:1048000001D1012000E00020C0B232BD0068C0F339
:104810008130002801D1802000E0402070470168ED
:1048200051F00041016070472030026861F39B62E3
:1048300002607047022801D3012010E00B00DBB2B8
:10484000042B01DB01200AE0DFF8EC3403EB8000ED
:10485000C9B2405C824201D3012000E000207047D1
:10486000F8B504000F0015001E00022C01D3012032
:104870002AE02A003900C9B22000FFF7DBFF012837
:1048800001D1012020E006983900C9B202291ED1C9
:10489000B6F5803F19D2202817D24FF4C052DFF866
:1048A0009C1463030B4403EB850313441F6866F3F6
:1048B00017271F606403214401EB850111440A6836
:1048C00060F3C7020A600020F2BD0120FCE7FFB2DE
:1048D000032F1FD1B6F1807F1AD2202818D24FF4AF
:1048E000E052DFF8581463030B4403EB85031344D1
:1048F0001F6807F0FF0757EA06271F60640321447B
:1049000001EB850111440A6860F3C7020A60DAE727
:104910000120D9E70120D7E700B20012C0B27047EA
:10492000F8B505000E001700280000B2FFF7F4FFED
:1049300004002000C0B2022801D3012024E03A0084
:104940003100C9B22000C0B2FFF774FF012801D1C5
:10495000012019E0DFF8E4132000C0B2400308444E
:104960002A00D2B200EB8200D0F8000CF6B266F357
:10497000092067F30700E4B264032144EDB201EBC0
:104980008501C1F8000C0020F2BD70B504000D00D7
:104990001600022C01D301201DE032002900C9B20B
:1049A0002000FFF747FF012801D1012013E0DFF8C5
:1049B0008C136003085850F0004050F0407050F4E1
:1049C0007F00EDB265F3092066F3070062038850AB
:1049D00064030859002070BD0100C020C9B200293D
:1049E00005D0022907D004D3032906D006E01220FF
:1049F00004E0622002E07A2000E01A20C0B2704792
:104A00000100C020C9B2002905D0022907D004D373
:104A1000032906D006E0112004E0612002E079209D
:104A200000E01920C0B270470100C020C9B20029BF
:104A300005D0022907D004D3032906D006E01020B0
:104A400004E0602002E0782000E01820C0B2704747
:104A50000100C020C9B200290BD002290DD00AD311
:104A600004290ED00BD306290FD00CD307290ED062
:104A70000EE013200CE014200AE0632008E064201C
:104A800006E07B2004E0292002E01B2000E01C203F
:104A9000C0B2704701000020C9B2002905D0022928
:104AA00007D004D3032906D006E0132004E0132026
:104AB00002E0132000E01320C0B270470100002084
:104AC000C9B2002905D0022907D004D3032906D092
:104AD00006E0132004E0132002E0132000E013207E
:104AE000C0B2704701000020C9B2002905D00229D8
:104AF00007D004D3032906D006E0132004E01320D6
:104B000002E0132000E01320C0B270470100002033
:104B1000C9B200290BD002290DD00AD304290ED026
:104B20000BD306290FD00CD307290ED00EE013208B
:104B30000CE013200AE0132008E0132006E0132005
:104B400004E0132002E0132000E01320C0B27047FD
:104B5000C9B2082902D0102946D096E0DFF8E0114A
:104B60000200D2B251F82220126832F4404203000F
:104B7000DBB251F823301A600200D2B251F8222081
:104B8000D2F80022520952010300DBB251F823305F
:104B9000C3F800220200D2B251F82220D2F800223B
:104BA00052F007020300DBB251F82330C3F80022B1
:104BB0000200D2B251F82220D2F800235209520149
:104BC0000300DBB251F82330C3F800230200D2B255
:104BD00051F82220D2F8002352F00702C0B251F857
:104BE0002000C0F8002350E0DFF854110200D2B2D8
:104BF00051F82220126832F440420300DBB251F82F
:104C000023301A600200D2B251F82220126852F406
:104C100080420300DBB251F823301A600200D2B2A6
:104C200051F82220D2F80022520952010300DBB2CF
:104C300051F82330C3F800220200D2B251F82220EA
:104C4000D2F8002252F00F020300DBB251F82330F9
:104C5000C3F800220200D2B251F82220D2F8002379
:104C6000520952010300DBB251F82330C3F800238C
:104C70000200D2B251F82220D2F8002352F00F02E3
:104C8000C0B251F82000C0F800237047F8B5040006
:104C90000E0008212000C0B2FFF75AFFDFF8A45031
:104CA0002000C0B2285C08280FD02000C0B2285CC9
:104CB000C010DFF8941011EBC01101202200D2B215
:104CC000AA5C12F0070290400860DFF87470F6B238
:104CD00031002000C0B257F82000FFF779FD200016
:104CE000C0B257F82000FFF791FD06002000C0B2C7
:104CF00057F82000FFF76FFD8642F0D02000C0B2C9
:104D000057F82000FFF771FD0028F7D02000C0B24F
:104D1000285C08280ED02000C0B2285CC010DFF844
:104D20002C1011EBC0110120E4B22A5D12F0070231
:104D300090400860F1BD0000749508100000044028
:104D4000BC0802288C1102280400314008003140C0
:104D50002DE9F04F9DB004000D001E0092000023CD
:104D6000A1480021FCF714FB0700342100220DF1BB
:104D700004084046FDF758FD3C2100220DF138089B
:104D80004046FDF751FD20003100C0B2C9B2884253
:104D900001D1012000E00020DDF89890DFF84CA25E
:104DA0004FF464725146C0B2FDF7BEFC3000494674
:104DB000C0B2C9B2884201D1012000E00020DDF874
:104DC0009C8040F291325146C0B2FDF7ADFC062006
:104DD00002904846C0B2FFF771FE8DF80C004846BD
:104DE000C0B2FFF70DFE82465FF0080B4846C0B226
:104DF000FFF706FEDFF8F89101AA9AFBFBF10BFB27
:104E000011AA5146C0B2C010C0014844FDF7CBFD05
:104E1000062002903000C0B2FFF73CFE8DF80C0077
:104E20003000C0B2FFF7D8FD82465FF0080B3000BB
:104E3000C0B2FFF7D1FD01AA9AFBFBF10BFB11AA4F
:104E40005146C0B2C010C0014844FDF7ACFD404619
:104E5000C0B204281ED0082002904046C0B2FFF71E
:104E600041FE8DF80C004046C0B2FFF7DDFD0600A4
:104E70005FF0080A4046C0B2FFF7D6FD01AA96FBD4
:104E8000FAF10AFB11663100C0B2C010C0014844FB
:104E9000FDF789FD289E3000C0B208281ED00620EC
:104EA00002903000C0B2FFF731FE8DF80C003000E8
:104EB000C0B2FFF7CDFD80465FF0080A3000C0B2F7
:104EC000FFF7C6FD01AA98FBFAF10AFB11884146DB
:104ED000C0B2C010C0014844FDF765FD2000C0B25B
:104EE000032803D22000C0B2401C00E000202200B2
:104EF000D2B2521D032110F58F7000B2FFF710FDE2
:104F00002000C0B2032803D22000C0B2401C00E041
:104F1000002010F58F7000B2FFF7FEFC17F01F01A4
:104F20000091C7F357132200D2B2521D0321C0B221
:104F3000FFF796FC2000C0B2032803D22000C0B2C5
:104F4000401C00E0002010F58F7000B2FFF7E4FC79
:104F50002200D2B2521D0321C0B2FFF716FDEDB2FE
:104F6000002D05D0022D09D005D3032D09D00AE06C
:104F70000020109007E00120109004E00220109023
:104F800001E00320109001200E9000200F900420DB
:104F90001190082012900820139001208DF85000E5
:104FA00001208DF853000F4D00220EA92000C0B241
:104FB00055F8200000F01EF800212000C0B255F87E
:104FC0002000FFF731FC2000C0B255F82000FFF7A9
:104FD00026FC0348E4B206551DB0BDE8F08F000082
:104FE0008C110228BC08022800809698D8910810DD
:104FF000000031402DE9F041DFF8D0311C00DFF82E
:10500000D051D5F800C0DFF8CC512D68DFF8C86169
:105010003668DFF8C8713F685FF0000E5FF0000E81
:10502000002800F0D080002900F0CD804C68002CD2
:1050300001D18C6805E04C68022C01D1002400E00D
:105040000224D1F810E0D1F81480C64502D3D1F87B
:1050500010E001E0D1F814E0BEF1090F08D23CF4F1
:10506000404C91F82130002B12D05CF4807C11E090
:10507000BEF1110F03D2012363F38F3CF1E7BEF1C0
:10508000210F03D2022363F38F3CEAE718009BE071
:105090003CF4807CCB685B1E13F00F035FEA1C1CA2
:1050A0005FEA0C1C53EA0C0C012363F3196CC0F883
:1050B00000C00B7F002B01D0002300E0012363F32D
:1050C00000054B681B0963F34105CB7E63F30415B0
:1050D0004B7E63F345150B68012B01D1012300E0E2
:1050E000002363F3DF7523005B0863F3820564F339
:1050F000C3054B7F63F308258B7F63F34925CB7F83
:1051000063F38A2591F8203063F3CB250B7913F0F4
:10511000030363F3196505620B7E63F308278B7E37
:1051200063F349270B695B1E13F01F037F097F019F
:105130001F43C0F8007391F8243003F0FF0310F50B
:10514000417425682D0A2D022B4323600B7E63F3E7
:1051500008264B695B1E13F01F03760976011E4378
:10516000C0F8006291F82C3003F0FF0310F50174D1
:1051700025682D0A2D022B4323600B6BC0F8883F56
:105180008B6AC0F8C83F91F8383010F57064256814
:1051900063F34925256091F8391010F574631C6894
:1051A00061F3CB241C600021C0F8C81E002A09D07E
:1051B00000201060002090610020D0600020D061AD
:1051C0000748106200242000BDE8F0810140AA00D9
:1051D000A4950810A8950810AC950810B095081073
:1051E000EFCDAB0000000000000000000000000058
:1051F00000000000000000F8000000000000003384
:105200003000000000100C06100C0600000000002A
:105210000000000040C07840C0784000043F040413
:105220003F040400007088FC08300000001820FFD4
:10523000211E0000F008F000E018000000211C030F
:105240001E211E0000F00888700000001E2123248B
:105250001927211010160E000000000000000000A9
:1052600000000000000000E0180402000000000739
:105270001820400000020418E00000000040201840
:1052800007000000404080F0804040000202010F13
:1052900001020200000000F0000000000101011FF7
:1052A00001010100000000000000000080B070005B
:1052B00000000000000000000000000000010101EB
:1052C000010101010000000000000000003030007A
:1052D0000000000000000000806018040060180654
:1052E0000100000000E010080810E000000F10208E
:1052F00020100F00001010F8000000000020203FD8
:105300002020000000700808088870000030282461
:105310002221300000300888884830000018202002
:1053200020110E000000C02010F800000007042427
:10533000243F240000F8088888080800001921206C
:1053400020110E0000E0108888180000000F1120C6
:1053500020110E0000380808C83808000000003F7F
:10536000000000000070880808887000001C2221DE
:1053700021221C0000E010080810E000000031228B
:1053800022110F00000000C0C0000000000000302B
:10539000300000000000008000000000000080607D
:1053A00000000000000080402010080000010204FE
:1053B00008102000404040404040400004040404E5
:1053C00004040400000810204080000000201008A1
:1053D00004020100007048080808F00000000030D6
:1053E00036010000C030C828E810E0000718272464
:1053F00023140B000000C038E0000000203C230212
:105400000227382008F8888888700000203F202074
:1054100020110E00C03008080808380007182020A6
:105420002010080008F808080810E000203F20209D
:1054300020100F0008F88888E8081000203F20207E
:105440002320180008F88888E8081000203F200072
:1054500003000000C03008080838000007182020AA
:10546000221E020008F808000008F808203F210169
:1054700001213F20000808F8080800000020203F14
:105480002020000000000808F8080800C080808084
:105490007F00000008F888C028180800203F20017D
:1054A0002638200008F8080000000000203F2020D7
:1054B0002020300008F8F800F8F80800203F003FEE
:1054C000003F200008F830C00008F808203F200006
:1054D00007183F00E01008080810E0000F10202017
:1054E00020100F0008F808080808F000203F2101EC
:1054F00001010000E01008080810E0000F18242443
:1055000038504F0008F8888888887000203F2000B5
:10551000030C30200070880808083800003820216B
:1055200021221C00180808F8080818000000203F75
:105530002000000008F808000008F808001F2020DC
:1055400020201F000878880000C8380800000738AD
:105550000E010000F80800F80008F800033C0700FE
:10556000073C0300081868808068180820302C0366
:10557000032C30200838C800C83808000000203F3D
:105580002000000010080808C8380800203826212C
:1055900020201800000000FE020202000000007F30
:1055A00040404000000C30C000000000000000013E
:1055B0000638C00000020202FE0000000040404029
:1055C0007F0000000000040202020400000000004E
:1055D00000000000000000000000000080808080CB
:1055E00080808080000202040000000000000000B3
:1055F000000000000000808080800000001924224C
:1056000022223F2008F8008080000000003F112087
:1056100020110E000000008080800000000E11208C
:1056200020201100000000808088F800000E11206A
:1056300020103F200000808080800000001F222278
:1056400022221300008080F0888888180020203FE4
:10565000202000000000808080808000006B9494F7
:105660009493600008F8008080800000203F2100B3
:1056700000203F2000809898000000000020203F7C
:1056800020200000000000809898000000C080806A
:10569000807F000008F8000080808000203F240206
:1056A0002D302000000808F8000000000020203FF6
:1056B000202000008080808080808000203F2000AB
:1056C0003F20003F8080008080800000203F21003C
:1056D00000203F200000808080800000001F2020EC
:1056E00020201F00808000808000000080FFA1201B
:1056F00020110E000000008080808000000E11202C
:1057000020A0FF80808080008080800020203F21BA
:10571000200001000000808080808000003324246D
:1057200024241900008080E0808000000000001F19
:10573000202000008080000000808000001F2020CA
:1057400020103F20808080000080808000010E308B
:105750000806010080800080008080800F300C03EC
:105760000C300F0000808000808080000020312EEF
:105770000E312000808080000080808080818E70CB
:105780001806010000808080808080000021302C7D
:105790002221300000000000807C02020000000096
:1057A000003F404000000000FF000000000000003B
:1057B000FF0000000002027C800000000040403F2B
:1057C00000000000000601010202040400000000C5
:1057D000000000001CB50400002C01D0012000E0F6
:1057E00000204122DFF84015C0B2FCF79DFFDFF832
:1057F0003C0501212278D21010EBC212237813F05D
:10580000070311FA03F313602279D21010EBC210D0
:10581000227912F0070211FA02F20260E0680090A9
:105820000098421E00920028FAD1DFF80425207962
:10583000C01012EBC010237913F0070311FA03F321
:105840000360E06800900098431E00930028FAD19E
:105850002078C01012EBC012207810F007008140B1
:105860001160E06800900098411E00910028FAD174
:1058700013BD1CB50400002C01D0012000E0002065
:105880005522DFF8A414C0B2FCF74EFFDFF8A004E5
:1058900001212279D21010EBC212237913F00703F1
:1058A00011FA03F313602278D21010EBC2102278A1
:1058B00012F0070211FA02F20260E068009000980C
:1058C000421E00920028FAD1DFF860242078C01030
:1058D00012EBC010237813F0070311FA03F30360EF
:1058E000E06800900098431E00930028FAD12079C8
:1058F000C01012EBC012207910F007008140116037
:10590000E06800900098411E00910028FAD113BD74
:1059100038B504000D00002C01D0012000E000206B
:105920006A22DFF80414C0B2FCF7FEFEDFF80014B0
:1059300001222078C01011EBC010237813F0070368
:1059400012FA03F30360EDB2002D0CD02079C010E1
:10595000DFF8D83313EBC013207910F0070012FAE8
:1059600000F0186009E02079C01011EBC010237915
:1059700013F0070312FA03F30360E0680090009845
:10598000431E00930028FAD1DFF8A0332078C0101E
:1059900013EBC010257815F0070512FA05F5056020
:1059A000E06800900098451E00950028FAD1207804
:1059B000C01011EBC011207810F0070012FA00F0AF
:1059C00008602079C01013EBC013207910F0070095
:1059D00082401A6031BD2DE9FC410400002C01D049
:1059E000012000E000208622DFF83C13C0B2FCF763
:1059F0009BFE0025DFF83C6301272078C01016EBE2
:105A0000C010217811F0070117FA01F10160DFF8E9
:105A10001C832079C01018EBC010217911F0070108
:105A200017FA01F10160002200216068C0B200F0A5
:105A300011FAE06800900098411E00910028FAD108
:105A40002078C01018EBC018207810F0070017FA63
:105A500000F0C8F80000E06800900098411E009136
:105A60000028FAD16068C0B200F0E3F9002800D045
:105A700001252078C01016EBC016207810F0070022
:105A800087403760032201216068C0B200F0E2F96C
:105A9000E06800900098411E00910028FAD128008B
:105AA000C0B2BDE8F6817CB504000D00002C01D029
:105AB000012000E00020A822DFF86C12C0B2FCF741
:105AC00033FE80210800C0B200284ED02800C0B2AA
:105AD00008420CD00120227912F00702904022796E
:105AE000D210DFF8483213EBC21318600BE001202C
:105AF000227912F0070290402279D210DFF8343276
:105B000013EBC2131860C9B24908E068400800905E
:105B10000098421E00920028FAD10122207810F04D
:105B2000070012FA00F02378DB10DFF8006216EBB2
:105B3000C3163060E06800900098431E0093002870
:105B4000FAD1207810F0070082402078C010DFF8EA
:105B5000E43113EBC0131A60E0684008009000982D
:105B6000421E00920028FAD1ACE72000FFF733FF75
:105B7000012801D1002000E00120C0B276BD2DE94E
:105B8000FC4704000D00002C01D0012000E00020A3
:105B9000C222DFF89411C0B2FCF7C6FD0026082728
:105BA000DFF88C815FF001092078C01018EBC0107D
:105BB000217811F0070119FA01F10160E068009005
:105BC0000098411E00910028FAD1DFF860A12079E9
:105BD000C0101AEBC010217911F0070119FA01F178
:105BE0000160002200216068C0B200F033F927E0B4
:105BF0002078C01018EBC010217811F0070119FAB5
:105C000001F10160E06800900098411E00910028B9
:105C1000FAD12078C0101AEBC010217811F00701DA
:105C200019FA01F10160E06800900098411E0091AE
:105C30000028FAD16068C0B200F0FBF850EA4606CE
:105C40003800471EC0B20028D2D12078C01018EB0F
:105C5000C018207810F0070019FA00F9C8F8009071
:105C6000032201216068C0B200F0F4F8E0680090FF
:105C70000098411E00910028FAD12900C9B22000E5
:105C8000FFF746FE3000C0B2BDE8F6872DE9F041CF
:105C900005000F0016001C00002D01D0012000E0BF
:105CA0000020DFF884804FF4FF724146C0B2FCF759
:105CB0003BFD002E01D0012000E0002040F2FF1249
:105CC0004146C0B2FCF730FD2800FFF783FD297A7A
:105CD0004900C9B22800FFF7E6FE3900C9B2280022
:105CE000FFF7E1FE2800FFF775FD297A490051F022
:105CF0000101C9B22800FFF7D6FE0BE0002104E045
:105D000037007E1C002CF9D10121C9B22800FFF711
:105D100036FF38702000441E0028F1D12800FFF71C
:105D2000A8FDBDE8F0810000D48F081008003140C4
:105D300004003140040031402DE9F8430400884656
:105D40001700002C01D0012000E00020089D1E005B
:105D5000DFF85C9040F2BA224946C0B2FCF7E4FC9E
:105D600030002900C0B2C9B2884201D0012000E051
:105D7000002040F2BB224946C0B2FCF7D5FC3000FF
:105D8000C0B220602800C0B2606084F80880E7607C
:105D90000323012201213000C0B200F082F8032366
:105DA000012201212800C0B200F07BF8BDE8F18398
:105DB000D48F08100069C84010F00100704701221C
:105DC00012FA01F181607047012212FA01F141607B
:105DD000704710B48900436C0F248C40A34312F029
:105DE0000F0212FA01F11943416410BC704780B5EB
:105DF000C9B200290ED00100C9B2082291FBF2F30A
:105E000002FB1311494AC0B2C010C0011044FFF791
:105E1000D6FF0DE00100C9B2082291FBF2F302FBAC
:105E20001311424AC0B2C010C0011044FFF7CCFFAA
:105E300001BD80B50100C9B2082291FBF2F302FB5B
:105E400013113A4AC0B2C010C0011044FFF7B2FFAC
:105E5000C0B202BD10B5C9B200290BD1D2B2002A1E
:105E600002D0022A02D003E00F220BE00B2209E04D
:105E70000A2207E0D2B2042A01D10C2200E00E224D
:105E800012F007020100C9B2082391FBF3F403FBEF
:105E90001411264BC0B2C010C0011844FFF799FF7F
:105EA00010BD2DE9F8418DB004000E0015001F0053
:105EB00034210022E8464046FCF7B6FCF6B2002E3C
:105EC0000ED1FFB2002F02D0022F03D005E00F2029
:105ED00001900DE0082001900AE00820019007E001
:105EE000FFB2042F02D10F20019001E00E2001909B
:105EF0002000C0B2C0280FD02100C9B208206A46D5
:105F000091FBF0F300FB131108482300DBB2DB1018
:105F1000DB011844FCF747FD2900C9B22000C0B2DC
:105F2000FFF765FF0EB0BDE8F081000000003140D2
:105F300038B500EE100ADFF810442078002846D16A
:105F4000DFF80804DFF808140A680260B8EE400AB7
:105F5000DFED380A80EE200ADFED370A30EE200A46
:105F600081ED000ADFF8EC5391ED000AD0ED000A54
:105F700030EE600AB7EEC00A9FED2B2B80EE020BCD
:105F8000B7EEC00B280000F035FA95ED000ADFED02
:105F9000280AB4EE600AF1EE10FA05DBDFF8BC0364
:105FA000DFF8B413016035E0BBEE090AD5ED000A55
:105FB000F4EE400AF1EE10FA04D5DFF8A00380ED0C
:105FC000000A27E0DFF894032968016022E02078C6
:105FD00001280ED1B8EE400ADFED160A80EE200A45
:105FE000DFED150A30EE200ADFF8740380ED000AB9
:105FF00010E0207802280DD1B8EE400ADFED0D0A3E
:1060000080EE200ADFED0C0A30EE200ADFF8DC0318
:1060100080ED000A2078401C20702078032801D1F0
:106020000020207031BD00007B14AE47E17A843F30
:106030000100C8410000C842000034C3F8B52DED8E
:10604000028B84B0C74800F0F3F9FCF7BCFB00F00A
:1060500053FB00F01FFC00F055FD0020C249086012
:10606000BFF34F8FC148016831F480310160BFF345
:106070004F8FBF480168C1F34E32C1F3C90343F6E5
:10608000E07010EA421050EA8370BA4C20601800A9
:10609000431E0028F3D11000421E0028EDD1BFF3AB
:1060A0004F8FBFF36F8FB449002000F0AEFD642125
:1060B000002000F0E1FE002000F0A8FE0121AF4822
:1060C00000F0DCFF0221AE4800F0D8FF01F0BCF880
:1060D00073E00020207068E096ED000A86ED010A6A
:1060E000300001F055FAA74DA74890ED000AD4ED15
:1060F000020A30EE600A85ED000A95480068686083
:10610000280001F045FAA64895ED020AB7EEC00A4C
:106110009FED9E2B20EE020B90ED001AB7EEC11AF8
:106120009FED9C3B01EE030BB7EEC00B80ED000A28
:106130008A490968416001F02BFA40F2DC5000F016
:1061400087FC96480178052929DB00210170B1EE12
:106150000E8B934DA24C94ED020AF0EE000A95EDE1
:10616000021A00EE201AB7EEC10A20EE080BB7EEB5
:10617000C00B01218B4801F07BFA94ED020AF8EE86
:10618000000A95ED021A00EE201AB7EEC10A20EEC1
:10619000080BB7EEC00B0221834801F069FA834C6B
:1061A0002078002895D1012020708148008800F0D7
:1061B0007AFC21789820FFF71AFE7E480188B1F515
:1061C0007A7F4DDB002101807B4C7C4D2021280013
:1061D00000F03CFB20702078002841D000200020F7
:1061E000002005E005EB0001897A6A461154401C45
:1061F000052809DA10F10A012278914204DA05EB48
:106200000001897A2C29EDD100216A461154002120
:1062100006E00A182A44D27A6B460B449A71491C4C
:10622000052909DA0A180B3223789A4204DA0A1887
:106230002A44D27A2C2AECD100206A461144887173
:10624000684601F06DFB624908600DF1060001F03F
:1062500067FB5D490860202100222800FCF7E4FA72
:10626000574D28780A28FFF66CAF564E564890EDE9
:10627000000AB8EEC00BB2EE0E2B80EE020BB7EEAA
:10628000C00B300000F0B6F8504F514890ED000AB6
:10629000B8EEC00B9FED4F2B80EE020BB7EEC00B9C
:1062A000380000F0A7F84D4C306820604C4E38683C
:1062B000306096ED000AB7EEC00A8DED000B94ED4C
:1062C000000AB7EEC00A53EC102B464801F030FB31
:1062D00000202870444D464F97ED000AD5ED000A86
:1062E00030EE200AF0EE000A80EE200A84ED010A6A
:1062F000200001F04DF997ED000AD5ED000A30EECF
:10630000600A86ED010A96ED000AFFEE000A30EE03
:10631000200AD6ED010AF4EE400AF1EE10FA02D599
:1063200096ED010ADAE696ED000AF7EE000A30EE85
:10633000200AD6ED010AB4EE600AF1EE10FA7FF5FC
:10634000CBAE96ED010AC9E6A31102285C11022822
:106350004C110228F40602280000C84158110228F6
:106360005011022880B2E60E84ED00E014ED00E04A
:1063700080ED00E074EF00E0315F0810CC100228DF
:10638000DC100228B8070228B40702289A999999C4
:106390009999B93FCDCCCCCCCCCCEC3F9C11022808
:1063A000840702282407022854070228A111022882
:1063B0009A11022898110228A211022820100228FE
:1063C0009D110228040702286811022814070228D8
:1063D0006C1102280000000000004940E807022874
:1063E0001808022838950810641102285411022850
:1063F00060110228D0ED000A90ED011AD0ED021ACA
:1064000031EE211AD0ED031A71EE211AC1EE211AD4
:1064100030EE600A40EE210AC0ED000AB7EE000A35
:1064200030EE610A20EE010A80ED010A704700009B
:1064300080B50549086001F08FFA00F063FB002089
:10644000FDF782FA01BD00008411022880B5010029
:106450000820DFF890221060C9B20120FEF716FC78
:1064600001BD80B501000820DFF87C221060C9B2B0
:106470000120FEF70BFC01BD70B504000D002000EB
:10648000C0B2802801DA012000E00020DFF85C6261
:106490006A223100C0B2FCF747F92800C0B20828D0
:1064A00001DA012000E000206B223100C0B2FCF7CD
:1064B0003BF9B5F15000C0B2FFF7D3FF2000C0B2E6
:1064C000000950F01000C0B2FFF7CBFF14F00F042A
:1064D0002000FFF7C6FF70BD00B585B06846FCF729
:1064E00041F90120ADF800008020ADF80200402005
:1064F000ADF80400DFF8F8010078002803D0022886
:106500000FD007D30DE006208DF8060001208DF88E
:10651000070006E008208DF8060002208DF807002D
:10652000FFE70FF26D0003900FF20D000490684634
:10653000FCF728F905B000BD38B500200020082080
:10654000DFF8B0110860002408E00020FFF77EFFAC
:106550006D1C2800C0B28028F7DB641C2000C0B28C
:1065600008280CDAB4F15000C0B2FFF77AFF01201E
:10657000FFF777FF1020FFF774FF0025E9E70820F9
:10658000DFF8A812086031BDDFF8A4120870704768
:106590002DE9F84306001500300080B2802801DAAA
:1065A000012000E000200C00DFF8407140F20B12E7
:1065B0003900C0B2FCF7B8F8200080B2082801DA30
:1065C000012000E000204FF486723900C0B2FCF7D1
:1065D000ABF80820DFF81C1108600020002000271D
:1065E00014E0DFF850124A46D2B20620424301EBD3
:1065F00002004146C9B2405CFFF728FF18F10108CC
:106600004046C0B20628ECDBB61D7F1C3800C0B285
:10661000285C002860D0DFF8D8000078002803D07C
:10662000022858D014D3F1E73800C0B2285CB0F18A
:106630002009300080B27F2801DB0026641C210085
:10664000C9B23000C0B2FFF717FF5FF00008D7E70C
:106650003800C0B2285CB0F12008300080B2792840
:1066600001DB0026641C2100C9B23000C0B2FFF774
:1066700003FF5FF000090CE0DFF8BC014146C9B23E
:10668000090108444946C9B2405CFFF7DFFE19F131
:1066900001094846C0B20828EEDB611CC9B23000CF
:1066A000C0B2FFF7E9FE5FF000090DE0DFF88801F6
:1066B0004146C9B2090108444946C9B20844007AB2
:1066C000FFF7C4FE19F101094846C0B20828EDDB06
:1066D00008367F1C9AE799E70820DFF85011086018
:1066E000BDE8F183080B3140040B3140D89008100D
:1066F000AD110228040631401FB508200290042085
:1067000001900120009001234C4A00210120FEF756
:106710001FFB032301220121B420FFF7C2FB032347
:1067200001220121B320FFF7BCFB03230122012139
:106730006320FFF7B6FB3E4C2078FFF725FF0820CB
:106740003F49086010203F490860322000F0ABF953
:1067500010203D490860AE20FFF783FE0020FFF7C0
:1067600080FE1020FFF77DFE4020FFF77AFE81209B
:10677000FFF777FE7F20FFF774FE2078002806D110
:10678000A120FFF76EFEC820FFF76BFE05E0A020FA
:10679000FFF767FEC020FFF764FEA620FFF761FE4B
:1067A000A820FFF75EFE3F20FFF75BFED320FFF738
:1067B00058FE0020FFF755FED520FFF752FE80203F
:1067C000FFF74FFED920FFF74CFEF120FFF749FEFF
:1067D000DA20FFF746FE1220FFF743FEDB20FFF72B
:1067E00040FE4020FFF73DFE2020FFF73AFE02204A
:1067F000FFF737FE8D20FFF734FE1420FFF731FE40
:10680000A420FFF72EFEA620FFF72BFEAF20FFF7F8
:1068100028FE082005490860FFF78EFE00210020B1
:10682000FFF72AFEFFF758FE1FBD000008063140A3
:10683000AC11022840820810E451081080C3C9013D
:1068400004063140040B3140080B314038B50400D8
:106850000D00002C01D0012000E00020B6221E49CE
:10686000C0B2FBF761FF009500236A4621001B4878
:10687000FCF74DFF009832BD10B5194C21000120E6
:10688000FCF7DEFB002804D0012221001348FCF7AE
:106890006EFE10BD10B500241249012001F005F96B
:1068A0004023114A00210D48FDF701F80123012280
:1068B0000021B620FFF7F5FA012301225FF4E13150
:1068C0000120FCF7E3FC01210120FCF760FC200023
:1068D000C0B210BD000000004C8F0810A0100228AC
:1068E000B111022879680810C00F0228022801D3CC
:1068F00001200FE00B00DBB2042B01DB012009E0DB
:10690000AA4B03EB8000C9B2405C824201D3012054
:1069100000E000207047F8B506000F0015001C00CD
:10692000022E01D301201CE02A003900C9B2300038
:10693000FFF7DCFF012801D1012012E03800C0B2CE
:10694000002811D1B4F5807F0CD2994876033044E9
:1069500000EB850010F58050016864F30F210160A1
:106960000020F2BD0120FCE7FFB2012F10D1B4F5E9
:10697000803F0BD28E487603304400EB850010F543
:10698000A050016864F317210160E9E70120E8E7FE
:106990000120E6E700B20012C0B27047F8B505006A
:1069A0000E001700280000B2FFF7F4FF04002000DB
:1069B000C0B2022801D3012023E03A003100C9B25D
:1069C0002000C0B2FFF792FF012801D1012018E09A
:1069D00077492000C0B2400308442A00D2B200EB3D
:1069E0008200D0F8000CF6B266F3092067F30700C6
:1069F000E4B264032144EDB201EB8501C1F8000C5F
:106A00000020F2BD70B504000D001600022C01D369
:106A100001201CE032002900C9B22000FFF766FF08
:106A2000012801D1012012E061496003085850F0AB
:106A3000004050F0407050F47F00EDB265F3092043
:106A400066F307006203885064030859002070BD94
:106A5000F8B50600F600574C574D00212078C001CC
:106A6000284401F008F912E02078C001284401F020
:106A700004F9B842F8D32078C001284401F0FDF8A9
:106A8000361A00212078C001284401F0F4F84CF2B5
:106A90005137BE42E8D22078C001284401F0EDF819
:106AA0008642F8D2F1BDF8B504004FF4FA504443E1
:106AB000404D414E00212878C001304401F0DBF800
:106AC00014E02878C001304401F0D7F8B842F8D378
:106AD0003A4F3C192878C001304401F0CEF83F18F5
:106AE00039002878C001304401F0C5F84CF2513724
:106AF000BC42E6D22878C001304401F0BEF884429E
:106B0000F8D2F1BD38B594B0502100226C46200077
:106B1000FBF78AFE2A4C00220121B4F90000FFF79E
:106B20003DFFB4F90000FFF735FF092300220121E2
:106B3000C0B2FFF7F0FEB4F90000FFF72BFF002210
:106B40000121C0B2FFF75EFF5FF0FF300090002030
:106B50008DF8040000208DF8050000208DF8060057
:106B600000208DF8080003208DF8440001201290C9
:106B700001208DF807000F4C0F4D69462078C001A9
:106B8000284400F0B3FF2078C001284401F06EF8DB
:106B900000212078C001284401F06DF82078C00160
:106BA0002844FCF744F815B030BD00007495081077
:106BB00000000440F708022800005940B03CFFFFE5
:106BC000F4080228010009B2002908D4012210F0BB
:106BD0001F018A40224900B2400941F82020704735
:106BE000010009B2002908D4012210F01F018A40D7
:106BF0001C4900B2400941F820207047704780B519
:106C0000406819490968884701BD7FB504000D0037
:106C10006846174991E84C0080E84C008DF8004028
:106C2000684601F07DF80121124801F0E2F868465B
:106C30002100C9B200EB8100B0F90400FFF7D0FFDA
:106C400068462100C9B200EB8100B0F90400FFF7EB
:106C5000B9FF05480560054804707FBD00000000CD
:106C600000E100E080E200E07C080228B211022886
:106C70005C950810FF6B0810022801D3012010E07A
:106C80000B00DBB2042B01DB01200AE0DFF8D83374
:106C900003EB8000C9B2405C824201D3012000E0D6
:106CA00000207047F8B506000F0015001C00022EEA
:106CB00001D301201DE02A003900C9B23000FFF7DE
:106CC000DBFF012801D1012013E03800C0B2002809
:106CD00012D1B4F5807F0DD2DFF8900376033044F3
:106CE00000EB850010F58050016864F30F2101600E
:106CF0000020F2BD0120FCE7FFB2012F11D1B4F555
:106D0000803F0CD2DFF864037603304400EB85004B
:106D100010F5A050016864F317210160E8E7012035
:106D2000E7E70120E5E700B20012C0B27047F8B50E
:106D300005000E001700280000B2FFF7F4FF040062
:106D40002000C0B2022801D3012023E03A00310024
:106D5000C9B22000C0B2FFF78FFF012801D1012086
:106D600018E0C2492000C0B2400308442A00D2B251
:106D700000EB8200D0F8000CF6B266F3092067F34E
:106D80000700E4B264032144EDB201EB8501C1F8D0
:106D9000000C0020F2BD70B504000D001600022C9E
:106DA00001D301201CE032002900C9B22000FFF706
:106DB00063FF012801D1012012E0AC4960030858AB
:106DC00050F0004050F0407050F47F00EDB265F399
:106DD000092066F307006203885064030859002005
:106DE00070BD80B50100C9B2032906DAA049C0B25E
:106DF000C001084400F049FF07E09E49C0B2C0014D
:106E00000844B0F5C07000F040FF01BD38B5040083
:106E10002000C0B2032814DA954D00212000C0B232
:106E2000C001284400F027FF2000C0B2C001284460
:106E300000F01CFFE4B2E40105EB0400FBF7F7FEF1
:106E400019E08C4D00212000C0B2C0012844B0F5EB
:106E5000C07000F010FF2000C0B2C0012844B0F59F
:106E6000C07000F003FFE4B2E40105EB0400B0F5EC
:106E7000C070FBF7DCFE31BD70B596B004000D00AC
:106E80005021002202AE3000FBF7CEFC002620008D
:106E9000C0B203286ADA002201212000C0B200F249
:106EA000711000B2FFF743FF2000C0B200F2711072
:106EB00000B2FFF738FF092300220121C0B2FFF71B
:106EC000F1FE2000C0B200F2711000B2FFF72BFFFC
:106ED00000220121C0B2FFF75EFF2000C0B210F512
:106EE000D570ADF800000220ADF8020001208DF849
:106EF0000400032260482100C9B250F821106846FE
:106F0000FCF74AFDED00029500208DF80C000020F2
:106F10008DF80D0000208DF80E0000208DF8100077
:106F200003208DF84C000120149000208DF85400AF
:106F300000208DF855004E4D02A92000C0B2C001BE
:106F4000284400F0D3FD2000C0B2C001284400F066
:106F50008DFE2000C0B2C0012844FBF768FEE4B2F9
:106F6000E40105EB040000F08AFE7AE00022012132
:106F70002000C0B210F5B17000B2FFF7D8FE2000BB
:106F8000C0B210F5B17000B2FFF7CDFE09230022A8
:106F90000121C0B2FFF786FE2000C0B210F5B1702B
:106FA00000B2FFF7C0FE00220121C0B2FFF7F3FEDE
:106FB0002000C0B200F29B10ADF800000220ADF836
:106FC000020001208DF8040003222B482100C9B2E1
:106FD00050F821106846FCF7DFFCED00002005E0CA
:106FE000B5F5803F01D3761C6D08401C0828F7DBFF
:106FF00002958DF80C6000208DF80D0000208DF8B2
:107000000E0000208DF8100003208DF84C000120A8
:10701000149000208DF8540000208DF85500154D77
:1070200002A92000C0B2C0012844B0F5C07000F031
:107030005DFD2000C0B2C0012844B0F5C07000F072
:1070400015FE2000C0B2C0012844B0F5C070FBF7A7
:10705000EEFDE4B2E40105EB0400B0F5C07000F011
:107060000EFE16B070BD00007495081000000440BC
:1070700000005940008058408008022880B50A006E
:10708000D2B2012A07D129210091282317223621C3
:10709000FEF752FE09E0C9B2022906D12B21009168
:1070A0002A2317223621FEF747FE01BD10B55E4C9C
:1070B000022322000E21FEF7E9FD5C49207810F042
:1070C0000F0008800888000208800A886078024360
:1070D0000A805748098800EE101AB8EE400B9FED61
:1070E000572B20EE020BB7EEC00B80ED000A90ED9F
:1070F000000A10BD10B44F484F49427801EB82029C
:1071000082ED140A4278521C142392FBF3F403FB21
:10711000142242704278521C142392FBF3F403FBB6
:10712000142201EB820292ED140A407801EB8000F8
:10713000D0ED140A30EEC00ADFED360AB4EE600A74
:10714000F1EE10FA03DBDFED340A30EE200ADFED5A
:10715000330AB4EE600AF1EE10FA03D5DFED300A1F
:1071600030EE200ADFED2F0A20EE200A3548D0ED60
:10717000000AB3EE041A60EE810A80EE200A10BC09
:107180007047000010B42B482B49827801EB820233
:1071900082ED280A8278521C142392FBF3F403FB3D
:1071A000142282708278521C142392FBF3F403FBA6
:1071B000142201EB820292ED280A807801EB800014
:1071C000D0ED280A30EEC00ADFED120AB4EE600AF4
:1071D000F1EE10FA03DBDFED100A30EE200ADFEDEE
:1071E0000F0AB4EE600AF1EE10FA03D5DFED0C0AD7
:1071F00030EE200ADFED0B0A20EE200A1148D0ED18
:10720000000AB3EE041A60EE810A80EE200A10BC78
:1072100070470000010034430000B4C3000034C3D1
:107220000000B443363CBD3C94110228961102285C
:107230004011022844110228100C02288E3BA5831D
:10724000F57FB63F0000022810B544F62064002206
:1072500021002C20FAF7D6FF002221002F20FAF778
:10726000D1FF002221003120FAF7CCFF00222100BB
:107270005820FAF7C7FF002221005620FAF7C2FF74
:10728000002221005420FAF7BDFF10BD70B52DED8E
:10729000068BF0EE408AB0EE608A04000D00160006
:1072A0009FED8D0A21EE000ADFED8C0A80EE209A18
:1072B000B0EE490A00F0FEFEF0EE409AB0EE490A48
:1072C00000F0FAFE28EEA99A08EE409A68EE808A4D
:1072D00048EE298A84ED009AB0EE088AFEEE009A04
:1072E00029EE29AAB0EE480A00F0E8FEF0EE000A06
:1072F00080EE200A00EE28AA85ED00AA29EE299A40
:10730000B0EE480A00F0DAFEF0EE000A80EE200A45
:1073100000EE689A86ED009AB1EE080AF7EE000AD0
:1073200080EE800AD4ED000A60EE800AC4ED000A07
:10733000D5ED000A60EE800AC5ED000AD6ED000A20
:1073400020EE800A86ED000AD6ED000A95ED000ACF
:1073500000F0C4FEF0EE400A94ED000A00F0BEFE1C
:10736000B5EE400AF1EE10FA11D5D4ED000A70EE38
:10737000C00AC4ED000AD5ED000A70EEC00AC5EDE2
:10738000000AD6ED000A30EEC00A86ED000A9FED35
:10739000540AD4ED000AF4EE400AF1EE10FA02DBD2
:1073A000F7EE000A0BE0D4ED000AF5EE400AF1EE2C
:1073B00010FA02D5DFED4B0A01E0D4ED000AC4ED6E
:1073C000000AD5ED000AF4EE400AF1EE10FA02DBF5
:1073D000F7EE000A0BE0D5ED000AF5EE400AF1EEFB
:1073E00010FA02D5DFED3F0A01E0D5ED000AC5ED48
:1073F000000AD6ED000AF4EE400AF1EE10FA02DBC4
:10740000B7EE000A0BE096ED000AB5EE400AF1EE89
:1074100010FA02D59FED330A01E096ED000A86EDE1
:10742000000ABDEC068B70BD80B5DFED2F0AB1EE12
:107430000C1A20EE010A00F065FE01BD10B52DED1D
:10744000048BB0EE408AF0EE608AB0EE419A040000
:107450002000C0B201281CD1DFED249A28EE290AB1
:10746000BCEEC00A10EE101A2C20FAF79EFE28EE91
:10747000A90ABCEEC00A10EE101A2F20FAF795FEEA
:1074800029EE290ABCEEC00A10EE101A3120FAF7D4
:107490008CFEE4B2022C1CD1DFED149A28EE290AEE
:1074A000BCEEC00A10EE101A5820FAF77EFE28EE45
:1074B000A90ABCEEC00A10EE101A5620FAF775FEA3
:1074C00029EE290ABCEEC00A10EE101A5420FAF771
:1074D0006CFEBDEC048B10BDD00F4940000034435E
:1074E0000100803F000000000000B44300401C4643
:1074F000C16901628169C161D0ED000A90ED011A94
:1075000070EEC10AC0ED060AD0ED030A60EE800AF3
:1075100090ED061AD0ED071A31EE611A60EE810A7D
:1075200090ED041A21EE001AD0ED061A41EE210A60
:1075300090ED051A21EE000A90ED071AF8EE001AF8
:1075400090ED062A01EE212A90ED081A32EE011A7A
:1075500040EE010A90ED020A30EE800A80ED020A48
:1075600090ED0A0AD0ED020AB4EE600AF1EE10FACC
:1075700001D5816A816090ED020AD0ED0B0AB4EE6C
:10758000600AF1EE10FA01D5C16A8160704700000F
:107590008169C16190ED000AD0ED010A30EE600A08
:1075A00080ED060A90ED020AD0ED0A0AB4EE600AF8
:1075B000F1EE10FA10D590ED0B0AD0ED020AB4EE00
:1075C000600AF1EE10FA07D590ED090AD0ED060A2F
:1075D00030EE200A80ED090A9FED220AD0ED090A5B
:1075E000F4EE400AF1EE10FA01DB80ED090A90EDAD
:1075F000090ADFED1D0AB4EE600AF1EE10FA01D5BA
:107600001A49416290ED030AD0ED060A20EE200AE5
:10761000D0ED040A90ED091A00EE810AD0ED060AB9
:1076200090ED071A70EEC10A90ED051A00EE810A7E
:1076300080ED020A90ED0A0AD0ED020AB4EE600A6B
:10764000F1EE10FA01D5816A816090ED020AD0ED69
:107650000B0AB4EE600AF1EE10FA01D5C16A81603E
:107660007047000000004842FFFF47C2000048C2C8
:107670002DE9F041040084ED000A0800C0B20128A1
:1076800040D1484D4848FFF711FD85ED010A474EAE
:1076900095ED010AFFF72EFD86ED010A444F96EDA8
:1076A000010A3800FEF7A6FE38686060606841494C
:1076B00008609FED3A0A2000FFF71AFF3E4EA068CF
:1076C00070603E4C95ED010AFFF7AEFE84ED010AB5
:1076D0003B4D3C4FDFF8F08018F10402391D281DA6
:1076E00094ED011AD6ED010A9FED2D0AFFF7CEFDAC
:1076F000012098ED011AD7ED010A95ED010AFFF777
:107700009DFE48E0C9B2022945D1264D2F48FFF71A
:10771000CDFC85ED020A254E95ED020AFFF732FDFC
:1077200086ED020A2A4F96ED020A3800FEF762FE45
:1077300097ED000AB1EE400A84ED010A6068254920
:1077400008609FED160A2000FFF7D2FE1A4EA068CF
:10775000B0601A4C95ED020AFFF766FE84ED020A4E
:10776000174D184FDFF8608018F1080217F1080173
:1077700015F1080094ED021AD6ED020A9FED080AF1
:10778000FFF784FD022098ED021AD7ED020A95ED6D
:10779000020AFFF753FEBDE8F08100BF6F12033A03
:1077A00000000000EC100228CC100228041102286E
:1077B000480802286011022834110228F810022813
:1077C000101102281C11022828110228DC1002289E
:1077D00058080228641102282DE9F84F84B00BB133
:1077E00000241C600446A04601E008F1010898F856
:1077F0000000A0F10903052BF7D32028F5D02D2890
:1078000016BF2B2818F8015B2B25002A019103D401
:10781000012A01D0252A03DB00295AD00C6058E048
:10782000002A0CDD102A04BF98F80000302802BF9F
:1078300098F8010040F02000782811D10CE098F869
:107840000000302818BF0A220AD198F8010040F041
:107850002000782803D1102208F1020800E0082255
:10786000CDF80C8001E008F1010898F800003028FC
:10787000F9D0074E7E4418364FF0000906F1280073
:10788000CDF80880CA468DF8000017460DE000BF0D
:10789000481A000001469DF80000081ACA465FFA1F
:1078A00080FB07FB09B908F1010898F80010A1F165
:1078B00041001A2838BF20313A4606F12800F9F76E
:1078C000C1FB0028E6D10399414504D1019800B1DC
:1078D0000460002020E00299F05DA8EB0101091A84
:1078E000002910D406DCB9EB0B0103D3B1FBF7F090
:1078F000504508D0AFF30080049808B10121016021
:107900004FF0FF3903E02D2D08BFC9F100090198A0
:1079100008B1C0F80080484605B0BDE8F08F04E02B
:1079200000E000000A220021F9E7002354E70000EC
:107930000EB4C0B5024603A800210190009101AB2E
:107940000121044878440C30F8F79DFB06BC5DF833
:1079500010FB00BFAD1B000010B5002042490860BD
:10796000BFF34F8F41480168C1F34E32C1F3C903E1
:1079700043F6E07010EA421050EA83703C4C2060FD
:107980001800431E0028F3D11000421E0028EDD13C
:10799000BFF34F8FBFF36F8FBFF34F8FBFF36F8F67
:1079A000002034490860BFF34F8FBFF36F8F00F0A2
:1079B00001F810BD38B586B068462F491822F9F78E
:1079C0007DFB6846FCF7AAFBC0B200280DD02B4C0B
:1079D00018222B492000FCF76DFE0020E0754E2098
:1079E000284908600020FCF79DFE274D2800FCF781
:1079F00037FEC0B200280DD0204C182220492000AC
:107A0000FCF758FE0020E07550201E490860002059
:107A1000FCF788FE1D49286808600A681C4882181F
:107A20001C48B2FBF0F01C4A10601C48096801F2C7
:107A3000E7314FF47A72B1FBF2F101600068C003E4
:107A40001749086007B030BD80B500F0C1FB15498B
:107A50000A6852F470020A60BFF34F8FBFF36F8F52
:107A600000F0BAFB01BD000084ED00E080ED00E015
:107A700074EF00E050EF00E0D09408105810022896
:107A80000C8D081048110228701102287411022868
:107A90003F420F0040420F007C110228781102285B
:107AA0008011022888ED00E070470C4A10701078B1
:107AB000052809D10800002803D1094809490860B0
:107AC0000BE00848016008E00800002803D10448E2
:107AD0000549086001E0044801607047B0110228C0
:107AE000A97A08106C0802286808022810B401223C
:107AF00091F84C30052B03D291F84D30052B01D372
:107B00001000A7E0002800F0A480002900F0A18068
:107B1000514A12684B7963F392428B7913F0030355
:107B200063F311420B7A13F0070363F31A62CB7904
:107B300063F39E720B7D63F3000291F8243063F3CC
:107B4000410202600A7910F130031C6862F30704F5
:107B50001C604A79012A0BD18A79002A02D10022BD
:107B6000826007E08A79012A04D10A68826001E014
:107B700001228260CA6802610A694261CA6982613F
:107B80000A6AC2610A680262344A12680B7E03F014
:107B9000FF03120A12021A4391F8303003F0FF0378
:107BA00063F3174291F8403003F0FF0363F31F6261
:107BB00091F8483003F0FF0363F30F224264284A30
:107BC000126891F8383003F0FF03120A12021A43C8
:107BD00091F8283003F0FF0363F30F228264214AF7
:107BE00012688B7D13F00303920892001A4391F8F8
:107BF000253013F0030363F38B2291F82C3013F03C
:107C0000030363F3051291F8343013F0030363F3B5
:107C1000092291F83C3013F0030363F3871291F8C3
:107C2000443013F0030363F38302C2640E4A126804
:107C300091F84C3013F00703D208D2001A4391F8A0
:107C40004D3013F0070363F306124265497D8167E7
:107C50000022100010BC7047E4950810E895081049
:107C6000EC950810F0950810F4950810016851F093
:107C700000410160704781607047806870477830CC
:107C8000016851F001010160704710F170010A684C
:107C900052F001020A60006F7047000038B504001E
:107CA000082C0FD3DFF814521822DFF81412280022
:107CB000FCF700FD0020E875CD2082490860002017
:107CC000FCF730FD80486401204432BD38B5040023
:107CD000082C0DD3794D182279492800FCF7EAFCCD
:107CE0000020E875E820774908600020FCF71AFDBD
:107CF00076486401204432BD754B1B6862F31F4314
:107D000061F30F0383607047C06870470068704775
:107D1000C069C00FC0B2704780B500F07DFA02BDE7
:107D2000FEB5040000256B4E20783070307804EBEF
:107D30008000C078ADF80000307804EB80008088C7
:107D4000ADF8020001208DF80400002108E00122B6
:107D50000800C0B204EB8000807882401543491CC3
:107D60000800C0B20228F2DB002715E040F2FF3322
:107D700006E038003178C0B28842F7D1BDF9003052
:107D80001BB22A003800C0B204EB8000811C38000E
:107D9000C0B200F012F87F1C3800C0B20228E8DB45
:107DA0006846FBF7A3FF0FF25D01BDF90000FBF78A
:107DB000DCFF012048490870F7BD38B51C00474D6D
:107DC0002423584305440878286048786860AA60EE
:107DD0002868FFF763FF28616868FFF777FF68612D
:107DE000AA68A9686869FFF787FF0020A861AC81CD
:107DF00031BD082904D23A4A42F82100002000E0AF
:107E00003848704780B534480078002808D0334996
:107E1000304802782420424301EB020000F001F8D0
:107E200001BD7CB504000020009000266069FFF7CA
:107E30006BFF0500280C0004002827D0280C000444
:107E4000616908602069FFF763FF00281ED0BFF357
:107E50004F8F69462069FFF75FFF002810D1009817
:107E60000668360C0098007800F0FF00082807D25A
:107E70001B4951F820100800002801D000988847BD
:107E8000BFF34F8F3100206900F0B6F9280411D0FC
:107E9000ADB260690560E069002804D0E069804700
:107EA0000020E06104E0206A002801D0206A8047B9
:107EB0000020A0616069FFF729FF73BD58100228F8
:107EC000C08E0810481102280000224000102240F5
:107ED000A09508109E1102289F110228F00E02287A
:107EE000001002280A028A00DFED620A60EE200A12
:107EF00010EE902A22F0004101EE101ADFED5E1A1A
:107F0000B4EE611AF1EE10FA25D54FF07C5102F073
:107F100000420A4301EE102A71EE200AFDEEE00A4B
:107F200010EE901A00296AD0FAEEC90A9FED531A92
:107F300000EE810ADFED521A00EEA10A9FED512AF0
:107F400000EE820ADFED502A00EEA20A9FED4F1AE2
:107F500000EE810A53E010EE101A4B001B1613F1CD
:107F6000010F0AD14900081610F1010F02D10902D0
:107F700040F07F809FED460A7047490004D10028F9
:107F800077D0B7EE000A70474FF07C5102F0004204
:107F90000A4301EE102A71EE200A10EE902A5100D9
:107FA0000DD0090EC1F196011829A8BF02F00042B8
:107FB00003DA0029C4BFCA408A4000EE902A10EEBE
:107FC000901A490017D09FED331A20EE811ADFED89
:107FD0002B1A01EE210A9FED2A2A01EE020ADFED9B
:107FE000292A01EE220A9FED283A01EE030ADFED6D
:107FF000271A01EE210AFDEEE00A10EE901A01F0B8
:108000000301081810EE101A21F0004100EE901A3A
:108010009FED211AF4EE410AF1EE10FA04D5C107E2
:1080200023D5B7EE000A20E0C10760EE000A0ED5A6
:108030009FED1A0A9FED1A1A00EE801ADFED191A49
:1080400041EE201AB7EE000A01EEA00A0DE09FED06
:10805000162ADFED161A40EE821ADFED152A20EE01
:10806000201A41EEA02A01EE220A800748BFB1EE95
:10807000400A704783F9223F0000004F0000C9C644
:1080800000A0FDC00020A2BA000034B30030C2AE90
:10809000FFFFFF7F00008038000080399349B2BAAB
:1080A00036A02A3DDFFFFFBE6E8C4CB94283083CF0
:1080B000A1AA2ABE012017E7002015E7B5EEC00AE5
:1080C000F1EE10FA02D4B1EEC00A70476FF0004C26
:1080D00000EE10CAAFF300807047000010EE100AE7
:1080E000F5EE400AF1EE10FA0BD618B904BFB0EE67
:1080F000600A06E0F4EE400AF1EE10FAB8BFB0EE06
:10810000600A704700B551EC100A00F003F800EE69
:10811000100A00BD10B54FF0004C00F000434900BC
:10812000C0F3C7540A0E1ABFFF2CFF2A2DE0B1EB93
:10813000400F21D24CEAC1114CEA0020090AA41ACE
:10814000083C07D9B0FBF1FE01FB1E0000021AD06B
:10815000083CF7D86442E040B0FBF1FE01FB1E0092
:1081600088B1B0FA80F18840D21D521A06DB43EA8A
:10817000102000EBC25010BD05D010BDD2F1080296
:10818000D040184310BD184610BD09421ABFFF2C3D
:10819000FF2A0FE0B1EB400FEED20902B1FA81F2F3
:1081A000914052422442C7D14002B0FA80F4A0402C
:1081B0006442C3E76346DA0912EB400F2CBFD84391
:1081C000D14218BFD843BDE81040AFF300807047DC
:1081D000EFF3108072B6704780F31088704700008C
:1081E000154A126861F30F0242607047C068704719
:1081F000C069C00FC0B2704738B504000D00200040
:10820000FFF7F6FF002805D029002000FFF7E8FF60
:10821000002000E0094832BD38B504000D00200000
:10822000FFF7E6FF002805D02000FFF7DFFF2860FA
:10823000002000E0014832BD9C95081001008A0032
:108240000000000000000000002F000000000700F8
:10825000070000147F147F1400242A7F2A12006272
:10826000640813230036495522500000050300001E
:1082700000001C224100000041221C000014083EA6
:1082800008140008083E0808000000A0600000086C
:108290000808080800006060000040201008040280
:1082A000003E5149453E0000427F4000004261517E
:1082B0004946002141454B31001814127F10002718
:1082C00045454539003C4A494930000171090503DB
:1082D00000364949493600064949291E000036360C
:1082E000000000005636000000081422410000146F
:1082F000141414140000412214080002015109064C
:1083000000324959513E007C1211127C007F4949CC
:108310004936003E41414122007F4141221C007FFD
:1083200049494941007F09090901003E4149497A0B
:10833000007F0808087F0000417F41000020404185
:108340003F01007F08142241007F40404040007FF1
:10835000020C027F007F0408107F003E4141413E35
:10836000007F09090906003E4151215E007F09197D
:1083700029460046494949310001017F0101003F7A
:108380004040403F001F2040201F003F4038403FFA
:10839000006314081463000708700807006151495E
:1083A000454300007F4141000204081020400000C6
:1083B00041417F000004020102040040404040406F
:1083C000000001020400002054545478007F484407
:1083D000443800384444442000384444487F00383E
:1083E0005454541800087E0901020018A4A4A47C67
:1083F000007F080404780000447D40000040808431
:108400007D00007F102844000000417F4000007C78
:1084100004180478007C0804047800384444443884
:1084200000FC242424180018242418FC007C0804D0
:10843000040800485454542000043F444020003CA9
:108440004040207C001C2040201C003C4030403C30
:10845000004428102844001CA0A0A07C00446454C0
:108460004C44141414141414D0F8C80F7047C0F8F6
:10847000C01FD0F8C00F7047D0F8880F7047C0F801
:10848000801FD0F8800F704780B50020FEF7A9FC50
:108490007A480178491C017079480178491C0170BB
:1084A00078480188491C018001BD80B50120FEF794
:1084B00098FC01BD80B50220FEF793FC01BD80B59C
:1084C0000320FEF78EFC01BD80B50420FEF789FC79
:1084D00001BD80B50520FEF784FC01BD80B50620F6
:1084E000FEF77FFC01BD80B50720FEF77AFC01BDD9
:1084F00080B50820FEF775FC01BD80B50920FEF7A8
:1085000070FC01BD80B50A20FEF76BFC01BD80B593
:108510000B20FEF766FC01BD80B50C20FEF761FC68
:1085200001BD80B50D20FEF75CFC01BD80B50E20BD
:10853000FEF757FC00F0ACF801BD80B50020FAF75B
:108540002CFDFFF791FF400708D50020FAF725FD25
:108550000421FFF78CFFFAF7CEF80DE00020FAF7C0
:108560001CFDFFF789FF800506D50020FAF715FDF1
:108570004FF40071FFF783FF01BD80B50120FAF7CA
:108580000CFDFFF771FF400709D50120FAF705FD43
:108590000421FFF76CFF3C48006880470DE0012094
:1085A000FAF7FBFCFFF768FF800506D50120FAF714
:1085B000F4FC4FF40071FFF762FF01BD80B50220AB
:1085C000FAF7EBFCFFF750FF400708D50220FAF757
:1085D000E4FC0421FFF74BFF00F098F80DE00220C7
:1085E000FAF7DBFCFFF748FF800506D50220FAF713
:1085F000D4FC4FF40071FFF742FF01BD80B50320AA
:10860000FAF7CBFCFFF730FF400706D50320FAF757
:10861000C4FC0421FFF72BFF0DE00320FAF7BDFC9B
:10862000FFF72AFF800506D50320FAF7B6FC4FF4C2
:108630000071FFF724FF01BD80B50420FAF7ADFCFF
:10864000FFF712FF400709D50420FAF7A6FC042122
:10865000FFF70DFF0D48006880470DE00420FAF792
:108660009CFCFFF709FF800506D50420FAF795FC6E
:108670004FF40071FFF703FF01BD00009C110228B9
:108680009D11022898110228680802286C08022807
:10869000F8B51948007800282DD00020174C082084
:1086A0002060174D042028600820286004202060E6
:1086B0000820206004202860002615E0082028609B
:1086C000104F072000F0ACF83100C9B227F81100B4
:1086D000042000F0A5F83100C9B207EB4101A1F870
:1086E000000108202060761C3000C0B28028E5DB45
:1086F000012005490870F1BDAE1102280803314080
:1087000004033140F8080228AF1102281FB50020E9
:10871000019040480078002868D004E001226946B2
:108720003D48FAF724FF69460220FAF789FC002841
:10873000F4D19DF800000A2858D106200190364C4B
:10874000012301AA02A92000FAF7E1FF032228A1D0
:108750000DF10B0000F09EF8002810D12748017899
:1087600002293DD0012101702000FAF7EFFE0190AF
:10877000002301AA22492000FAF7C9FF30E00322B2
:108780001CA10DF10B0000F085F8002810D11D4848
:108790000178022924D0012101702000FAF7D6FEC9
:1087A0000190002301AA18492000FAF7B0FF17E052
:1087B000032211A10DF10B0000F06CF800280FD17D
:1087C0001248017802290BD0012101702000FAF72C
:1087D000BDFE0190002301AA0D492000FAF797FF82
:1087E0002000FAF779FE01200C4908701FBD000037
:1087F000524D43004747410054485300AA110228F4
:10880000800D0228A9110228000D0228AB110228B0
:10881000000E0228A811022888100228A711022899
:1088200030B40100C9B249090200D2B2202392FB40
:10883000F3F403FB1422154BC0B21B5C5B00D3F1B5
:108840000403134C0800C0B254F820001500EDB228
:10885000AD01284400F63C00056855F001050560AF
:108860000800C0B254F82000D0F80002C00F002861
:10887000F6D1C9B254F82100D2B292011044D0F816
:10888000240880B2184180B230BC7047380F0228EB
:10889000700802288AB10B7890F800C09C4506D178
:1088A00010F8013B4BB1491C521EF4D105E002D235
:1088B0004FF0FF30704701207047002070470000E4
:1088C00038B5FFF7C1F800F042F800F0C9F8714977
:1088D0000868800312D4BFF34F8FBFF36F8F00205F
:1088E0006D4A1060BFF34F8FBFF36F8F086850F46D
:1088F00000300860BFF34F8FBFF36F8F0868C0036D
:1089000024D40020654A1060BFF34F8F644802688A
:10891000C2F34E33C2F3C90443F6E07010EA4310C9
:1089200050EA84705F4D28602000441E0028F3D177
:108930001800431E0028EDD1BFF34F8F086850F494
:1089400080300860BFF34F8FBFF36F8F31BD70B5BC
:1089500086B0684654491822F8F7B0FB00200AE0B8
:1089600069460200D2B201EBC2014968491C11F00C
:10897000070F0DD1401C0100C9B2032909D2694675
:108980000200D2B211F8321011F0070FE8D0FEE762
:10899000FEE7464C207810F0070F00D0FEE7444D6C
:1089A0002868401C10F0070F00D0FEE7002622E0E8
:1089B00068463100C9B200EBC10041683000C0B266
:1089C00052F8300000F043F814E000200028EFD007
:1089D0002168491E3000C0B252F8300000F037F86C
:1089E00068463100C9B200EBC10041682868401CEC
:1089F00000F02DF8761C3000C0B2032825D26A465C
:108A00003000C0B252F83000002813D02068310086
:108A1000C9B252F8311088420AD368463100C9B24F
:108A200000EBC10040682168884201D30120CDE7F6
:108A30000020CBE768463100C9B200EBC1004068B6
:108A400021688842C1D30120C0E706B070BD002272
:108A5000002302E0C0E9002308308842FAD37047BF
:108A600030B4144880081449144A002308E01C005C
:108A7000E4B252F824401D00EDB241F825405B1CE1
:108A80001C000500E4B2EDB2AC42F0D30C4801602A
:108A900030BC704714ED00E050EF00E084ED00E0E2
:108AA00080ED00E060EF00E0B8940810048D08103D
:108AB000088D081080000000001202280000081035
:108AC00008ED00E0010009B2002908D4012210F0ED
:108AD0001F018A404F4900B2400941F820207047E9
:108AE000FEE780B54C4800684C4801680800C00F9C
:108AF000002805D04A488905890D50F82100804793
:108B00000020FFF7DFFF01BD80B5464800684648FA
:108B100001680800C00F002805D041488905890D6B
:108B200050F8210080470120FFF7CCFF01BD80B540
:108B30003E4800683E4801680800C00F002805D084
:108B400037488905890D50F8210080470220FFF73A
:108B5000B9FF01BD80B53748006837480168080093
:108B6000C00F002805D02E488905890D50F8210036
:108B700080470320FFF7A6FF01BD80B52F4800689E
:108B80002F4801680800C00F002805D02448890537
:108B9000890D50F8210080470420FFF793FF01BDA5
:108BA00080B528480068284801680800C00F0028E0
:108BB00005D01B488905890D50F821008047052004
:108BC000FFF780FF01BD80B520480068204801689C
:108BD0000800C00F002805D011488905890D50F8FC
:108BE000210080470620FFF76DFF01BD80B51948C1
:108BF0000068194801680800C00F002805D008481F
:108C00008905890D50F8210080470720FFF75AFF9A
:108C100001BD000080E200E07C95081000012040CA
:108C20000400022880950810040120408495081053
:108C300008012040889508100C0120408C950810F0
:108C400010012040909508101401204094950810C0
:108C500018012040989508101C01204072B61D494B
:108C600008684FEA102000F00F000E2808BF1A49CC
:108C70000D2808BF1949072808BF1949082808BF47
:108C80001849086820F00B0008600868BFF34F8F90
:108C9000154816490860BFF34F8F1549086840F022
:108CA000070008601349086840F007000860BFF338
:108CB0004F8FBFF36F8F00200021124AE2E80201BC
:108CC0006A45FBD10C4FB8470C4FB8470C4FB8471B
:108CD000FEE70000000020400C0020400C04204073
:108CE0000C0820400C0C20400000081008ED00E0AB
:108CF00090EF00E094EF00E0C18808106193081045
:108D00009D94081000FF0728FFFF0728433A5C5591
:108D1000736572735C77616E677A756F68616F5C9B
:108D20004465736B746F705C415343E5AF92E581AA
:108D300087E99B86E8AEAD5C435954344242375FC5
:108D40004C6962726172792D6D61737465725C45F4
:108D500078616D706C655C436F7265626F6172649F
:108D60005F44656D6F5C6C69627261726965735CAA
:108D700073646B5C747669696268346D5C7372638A
:108D80005C73797374656D5C73797374656D5F740E
:108D90007669696268346D5F636D372E6300000029
:108DA000433A5C55736572735C77616E677A756F71
:108DB00068616F5C4465736B746F705C415343E52D
:108DC000AF92E58187E99B86E8AEAD5C43595434A8
:108DD0004242375F4C6962726172792D6D617374C2
:108DE00065725C4578616D706C655C436F7265623D
:108DF0006F6172645F44656D6F5C6C696272617211
:108E00006965735C73646B5C747669696268346D00
:108E10005C7372635C647269766572735C73797398
:108E2000636C6B5C63795F737973636C6B2E680042
:108E3000433A5C55736572735C77616E677A756FE0
:108E400068616F5C4465736B746F705C415343E59C
:108E5000AF92E58187E99B86E8AEAD5C4359543417
:108E60004242375F4C6962726172792D6D61737431
:108E700065725C4578616D706C655C436F726562AC
:108E80006F6172645F44656D6F5C6C696272617280
:108E90006965735C73646B5C747669696268346D70
:108EA0005C7372635C647269766572735C73797308
:108EB000636C6B5C63795F737973636C6B2E6300B7
:108EC000433A5C55736572735C77616E677A756F50
:108ED00068616F5C4465736B746F705C415343E50C
:108EE000AF92E58187E99B86E8AEAD5C4359543487
:108EF0004242375F4C6962726172792D6D617374A1
:108F000065725C4578616D706C655C436F7265621B
:108F10006F6172645F44656D6F5C6C6962726172EF
:108F20006965735C73646B5C636F6D6D6F6E5C73AE
:108F300072635C647269766572735C6970635C63AA
:108F4000795F6970635F6472762E6800433A5C559E
:108F5000736572735C77616E677A756F68616F5C59
:108F60004465736B746F705C415343E5AF92E58168
:108F700087E99B86E8AEAD5C435954344242375F83
:108F80004C6962726172792D6D61737465725C45B2
:108F900078616D706C655C436F7265626F6172645D
:108FA0005F44656D6F5C6C69627261726965735C68
:108FB0007A665F6465766963655C7A665F64657628
:108FC0006963655F776972656C6573735F756172FC
:108FD000742E6300433A5C55736572735C77616EFF
:108FE000677A756F68616F5C4465736B746F705CF2
:108FF000415343E5AF92E58187E99B86E8AEAD5CDE
:10900000435954344242375F4C6962726172792D20
:109010006D61737465725C4578616D706C655C43FD
:109020006F7265626F6172645F44656D6F5C6C69DD
:10903000627261726965735C7A665F647269766593
:10904000725C7A665F6472697665725F736F66746C
:109050005F6969632E630000433A5C557365727300
:109060005C77616E677A756F68616F5C4465736B7E
:10907000746F705C415343E5AF92E58187E99B864D
:10908000E8AEAD5C435954344242375F4C6962727A
:109090006172792D6D61737465725C4578616D7074
:1090A0006C655C436F7265626F6172645F44656D8D
:1090B0006F5C6C69627261726965735C7A665F632A
:1090C0006F6D6D6F6E5C7A665F636F6D6D6F6E5FF7
:1090D0006669666F2E630000433A5C557365727370
:1090E0005C77616E677A756F68616F5C4465736BFE
:1090F000746F705C415343E5AF92E58187E99B86CD
:10910000E8AEAD5C435954344242375F4C696272F9
:109110006172792D6D61737465725C4578616D70F3
:109120006C655C436F7265626F6172645F44656D0C
:109130006F5C6C69627261726965735C7A665F64A8
:1091400065766963655C7A665F6465766963655FA9
:109150006F6C65642E630000433A5C5573657273EF
:109160005C77616E677A756F68616F5C4465736B7D
:10917000746F705C415343E5AF92E58187E99B864C
:10918000E8AEAD5C435954344242375F4C69627279
:109190006172792D6D61737465725C4578616D7073
:1091A0006C655C436F7265626F6172645F44656D8C
:1091B0006F5C6C69627261726965735C7A665F6428
:1091C00072697665725C7A665F6472697665725FF1
:1091D00070776D2E63000000433A5C5573657273BF
:1091E0005C77616E677A756F68616F5C4465736BFD
:1091F000746F705C415343E5AF92E58187E99B86CC
:10920000E8AEAD5C435954344242375F4C696272F8
:109210006172792D6D61737465725C4578616D70F2
:109220006C655C436F7265626F6172645F44656D0B
:109230006F5C6C69627261726965735C7A665F64A7
:1092400072697665725C7A665F6472697665725F70
:109250007370692E63000000433A5C557365727346
:109260005C77616E677A756F68616F5C4465736B7C
:10927000746F705C415343E5AF92E58187E99B864B
:10928000E8AEAD5C435954344242375F4C69627278
:109290006172792D6D61737465725C4578616D7072
:1092A0006C655C436F7265626F6172645F44656D8B
:1092B0006F5C6C69627261726965735C7A665F6427
:1092C00072697665725C7A665F6472697665725FF0
:1092D000756172742E63000000002115110E0D0CD3
:1092E0000B0B0A0A090909090908080808080808EF
:1092F0000707070707070707070707070700000013
:1093000030313233343536373839616263646566FB
:109310006768696A6B6C6D6E6F7071727374757665
:109320007778797A0000000030B4002512E050F818
:10933000042BD30744BF4A44521E091F042942F894
:10934000045BFAD213468C0744BF15809B1CC907E7
:1093500048BF1D7050F8041B0029E8D130BC70478D
:1093600010B5074979441831064C7C44163404E0A2
:109370000A68081D114488470146A142F8D110BD72
:109380002C000000480000004EF68851CEF200018B
:10939000086840F470000860BFF34F8FBFF36F8F11
:1093A0004FF00170E1EE100A704700007DFFFFFFF3
:1093B000BC080000F808022800000000737BFFFFD3
:1093C00090020000260200000000022804207146DE
:1093D000084202D0EFF3098001E0EFF3088000B506
:1093E0000149884700BD00002947081080B58DF865
:1093F0000000012269460120F9F78DF9012802D108
:109400009DF8000002BD4FF0FF3002BD00000000DB
:10941000801C800803D0401C801EFCD100BF704718
:10942000EFF3108072B6704780F310887047000029
:1094300000F00EF8002801D0FFF792FFAFF3008094
:109440000020AFF30080FCF7F9FD00F003F8000006
:109450000020704700F000B807463846F8F7B6F825
:10946000FBE700000D0A66696C65202573206C69B6
:109470006E652025643A2025732E0D0A0000000039
:1094800004207146084201D0EFF30980EFF3088011
:1094900000B50149884700BD699508100548014697
:1094A00003B4684680F30988AFF30080FFF76CFFD0
:1094B000FFF7BEFFA5EDF5FE00000228FFFF07281D
:1094C00000000020FF3F002000000000FF3F0000E0
:1094D00000127A00000000000024F4000080000068
:1094E00000800000008000000D0A66696C65202580
:1094F00073206C696E652025642E0D0A0000000043
:1095000038B504460D462846FFF770FFA84218BF3D
:109510000024204632BD000066696C653A206D6407
:109520006B2F257300000000417373657274206512
:1095300072726F7200000000252E32662C252E32CA
:10954000660D0A0066696C653A202573000000000C
:109550006C696E653A202564000000000000060674
:109560000400070704000000816911F8021CC9B259
:10957000016070470301000010110010000000009E
:1095800000000000000000000000000000000000DB
:1095900000000000000000000000000000000000CB
:1095A00000000000000000000000000000000000BB
:1095B00000000000000000000000000000000000AB
:1095C000000000000000000000000000000000009B
:1095D000000000000000000000000000000000008B
:1095E000000000000000000000000000000000007B
:1095F000000000000000000000000000000000006B
:10960000000000000000000000000000000000005A
:1096100000000000FFF7FEBFFFF7D8BEFFF7D6BE81
:10962000FFF7D4BEFFF7FEBFFFF7FEBFFFF7FEBF99
:10963000FFF7FEBFFFF7FEBFFFF7FEBFFFF7FEBF5E
:10964000FFF7FEBFFFF7FEBFFFF7FEBFFFF7FEBF4E
:10965000F006FF6F12033AE18A081004F1FF04F1EB
:10966000FF04F1FF04F1FF04F1FF04F1770430037C
:109670000400022800012F803FFC06110CF2153F68
:1096800010610113A04110F30440000112A018F36F
:109690002BA0C03050029A99993E80F1023412609A
:1096A0004CB00360C19A991994500166666610F235
:1096B00002C03412C834D3C8C164F006023F0AD7CE
:1096C00023BC000020302144B2C0944002CDCCCC59
:1096D0003D10F200A0301002CDCC4C3F0452BFB47C
:1096E000153483833A3081102002A97A08100410BF
:1096F0000400009040001004100A209040FD6B0808
:109700001089840810AB0412B50412BF0412C904F6
:1097100012D30412DD0412E70412F10412FB041048
:1097200003058508100F04121904122304122D04D6
:10973000100100006790126804126904100166406D
:109740003B14127B0412BD0412FD0423398624123B
:10975000601C126504126404126304000462407702
:1097600001010600000000000000000000000000F1
:1097700000000000000000000000000000000000E9
:1097800000000000000000000000000000000000D9
:1097900000000000000000000000000000000000C9
:1097A00000000000000000000000000000000000B9
:1097B00000000000000000000000000000000000A9
:1097C0000000000000000000000000000000000099
:1097D0000000000000000000000000000000000089
:1097E0000000000000000000000000000000000079
:1097F0000000000000000000000000000000000069
:109800000000000000000000000000000000000058
:109810000000000000000000000000000000000048
:0C9820000000000000000000000000003C
:040000051008949DAE
:00000001FF
