:020000041028C2
:1000000000000C282D892810218F2810918C281091
:10001000258F2810298F28102D8F28100000000010
:100020000000000000000000000000005D8D2810AE
:10003000318F281000000000358F2810398F2810CC
:10004000B3872810D9872810FF8728102588281003
:100050004B8828107188281097882810BD88281090
:100060003D8F2810418F2810458F2810498F281068
:100070004D8F2810518F2810558F2810598F281018
:10008000C82E002E802E3DB1C82E002E802E91034A
:10009000802EBCB0802EA303C82E002E802E00B070
:1000A0005030212E59F51030212E6AF5802E3B0359
:1000B0000000000008190100220075000010001067
:1000C000D100B343802E00C1802E00C1802E00C11C
:1000D000802E00C1802E00C1802E00C1802E00C164
:1000E000802E00C1802E00C1802E00C1802E00C154
:1000F000802E00C1802E00C1802E00C1802E00C144
:10010000802E00C1802E00C1802E00C1802E00C133
:10011000802E00C1802E00C1802E00C1802E00C123
:10012000802E00C1802E00C1802E00C1802E00C113
:10013000802E00C1802E00C1802E00C1802E00C103
:10014000802E00C1802E00C1802E00C1802E00C1F3
:10015000802E00C1802E00C1802E00C1802E00C1E3
:10016000802E00C1802E00C1802E00C1E05F000003
:1001700000000100000000000000000000009200EC
:10018000000000000000000000000000000000006F
:1001900008190000880000000000000005E0AA38EF
:1001A00005E09030FA0096004B09110011000200A2
:1001B0002D01D47B3B01DB7A04003F7BCD6CC30473
:1001C0008509C304ECE60C460100270019009600DF
:1001D000A00001000C00F03C000101000300010040
:1001E0000E00000032000500EE060400C80000000A
:1001F0000400A805EE060004BC02B3008507000059
:1002000000000000000000000000000000000000EE
:100210000000B4000100B9000100980000000000D7
:100220000000000001008000040000000000000049
:1002300000000000000000000000000000000000BE
:1002400000000000000000000000000000000000AE
:10025000000000000000000000000000000000009E
:10026000000000000000000000000000000000008E
:1002700000000000000000000000802E00C1FD2DE5
:10028000DE00EB00DA00000CFF0F0004C0005BF59D
:10029000C9011EF280003FFF19F458F566F564F5B8
:1002A000C0F1F000E000CD01D301DB01FF7FFF01D1
:1002B000E40074F7F300FA00FF3FCA036C3856FEFF
:1002C00044FDBC02F90600FC1202AE0158FA9AFD88
:1002D0007705BB02960195017F01820189018701A3
:1002E00088018A018C018F018D0192019101DD004D
:1002F0009F017E01DB00B601706926D39C071F05B4
:100300009D000008BC0537FAA201AA01A101A801BD
:10031000A001A805B401B401CE00D000FC00C501C5
:10032000FFFBB10000380030FDF5FCF5CD01A00069
:100330005FFF0040FF0000806D0FEB007FFFC2F504
:1003400068F7B3F1670F5B0F610F800F58F75BF72A
:10035000830F8600720F850FC6F17F0F6CF700E0E8
:1003600000FFD1F5870F8A0FFF03F03F8B008E004F
:100370009000B9002DF5CAF5CB0120F20000000075
:10038000000000000000000000000000000000006D
:10039000000000000000000000000000000000005D
:1003A000000000000000000000000000000000004D
:1003B000000000000000000000000000000000003D
:1003C000000000000000000000000000000000002D
:1003D000000000000000000000000000000000001D
:1003E000000000000000000000000000000000000D
:1003F00000000000000000000000000000000000FD
:1004000000000000000000000000000000000000EC
:1004100000000000000000000000000000000000DC
:1004200000000000000000000000000000000000CC
:1004300000000000000000000000000000000000BC
:1004400000000000000000000000000000000000AC
:1004500000000000000000003050982ED70E5032EF
:10046000982EFA030030F07F002E002ED02E002EA2
:10047000018008A2FB2F982EBA03212E1900012E0D
:10048000EE0000B2072F012E190000B2032F015019
:100490000352982E07CC012EDD0000B2272F052E27
:1004A0008A000552982EC7C1032EE90040B2F07FA2
:1004B000082F012E190000B2042F0030212EE90070
:1004C000982EB4B1012E180000B2102F0550982EAE
:1004D0004DC30550982E5AC7982EF9B4982E54B291
:1004E000982E67B6982E17B21030212E7700012E65
:1004F000EF0000B2042F982E7AB70030212EEF00C3
:10050000012ED40004AE0B2F012EDD0000B2072F08
:100510000552982E8E0E00B2022F1030212E7D0033
:10052000012E7D000090902EF102012ED70000B226
:10053000042F982E2F0E0030212E7B00012E7B00E1
:1005400000B2122F012ED4000090022F982E1F0E01
:10055000092D982E810D012ED4000490022F5032C7
:10056000982EFA030030212E7B00012E7C0000B271
:10057000902E0903012E7C000131010800B2042FE6
:10058000982E47CB1030212E77008130012E7C0031
:10059000010800B2612F032E8900012ED40098BCFF
:1005A00098B805B20F58232F079009540030372F01
:1005B00015410441DCBE44BEDCBA2C0161000F567B
:1005C0004A0F0C2FD14294B8C1421130052E6AF760
:1005D0002CBD2FB980B20822982EC3B7212D6130CF
:1005E000232ED400982EC3B70030212E5AF5182D93
:1005F000E17F5030982EFA030F520750504270306E
:100600000D5442427E82E26F80B24242052F212E7B
:10061000D4001030982EC3B7032D6030212ED400A3
:10062000012ED4000690182F012E76000B5407528D
:10063000E07F982E7AC1E16F081A4030082F212EF2
:10064000D4002030982EAFB75032982EFA03052DE3
:10065000982E380E0030212ED4000030212E7C0040
:10066000182D012ED40003AA012F982E450E012E1D
:10067000D4003F8003A2012F002E022D982E5B0E86
:100680003030982ECEB70030212E7D005032982E7B
:10069000FA03012E770000B2242F982EF5CB032EFB
:1006A000D5001154010ABC848386212EC901E04083
:1006B0001352C4408240A8B9524243BE5342040A76
:1006C0005042E17FF0314140F26F25BD0808020A37
:1006D000D07F982EA8CF06BCD16FE26F080A804267
:1006E000982E58B70030212EEE00212E7700212EB3
:1006F000DD00802EF4011A242200802EEC0110501F
:10070000FB7F982EF3035750FB6F01307154114259
:10071000420EFC2FC02E0142F05F802E00C1FD2D45
:100720000100000000000000000000009A013403F6
:1007300000000000000000000000000000000000B9
:1007400000000000000000000000000000000000A9
:100750000000000000000000000000000000000099
:100760000000000000000000000000000000000089
:100770000000000000000000000000000000000079
:100780000000000000000000000000000000000069
:100790000000000000000000000000000000000059
:1007A00000002050E77FF67F06320F2E61F5FE092C
:1007B000C0B3042F17302F2EEF002D2E61F5F66FEA
:1007C000E76FE05FC82E2050E77FF67F46300F2EA0
:1007D000A4F1BE0980B3062F0D2ED40084AF022FE2
:1007E00016302D2E7B0086302D2E60F5F66FE76FCC
:1007F000E05FC82E012E77F709BC0FB800B2105089
:10080000FB7F10300B2F032E8A0096BC9FB840B29E
:10081000052F032E68F79EBC9FB840B2072F032E0A
:100820007E004190012F982EDC03032C0030212EF6
:100830007E00FB6FF05FB82E2050E07FFB7F002E24
:100840002750982E3BC82950982EA7C80150982EA3
:1008500055CCE16F2B50982EE0C9FB6F0030E05F64
:10086000212E7E00B82E7350013057541142420E93
:10087000FC2FB82E212E59F51030C02E212E4AF112
:100880009050F77FE67FD57FC47FB37FA17F907FB5
:10089000827F7B7F982E35B700B2902E97B0032EC3
:1008A0008F00072E9100052EB1003FBA9FB8012E90
:1008B000B100A3BD4C0A052EB10004BEBFB9CB0ADE
:1008C0004FBA22BD012EB300DC0A2FB9032EB800A7
:1008D0000ABE9A0ACFB99BBC012E97009FB8930A13
:1008E0000FBC910A0FB8900A252E1800052EC1F5ED
:1008F0002EBD2EB9012E190031308A040090072F29
:10090000012ED40004A2032F012E180000B20C2FD8
:1009100019500552982E4DB7052E78008090103052
:10092000012F212E7800252EDD00982E3EB700B233
:1009300002300130042F012E190000B2002F2130A7
:10094000012EEA00081A0E2F232EEA0033301B5026
:100950000B090140175646BE4B084C0A01420A805B
:1009600015520142002E012E180000B21F2F032E37
:10097000C0F5F030480847AA7430072E7A0061228B
:100980004B1A052F072E66F5BFBDBFB9C0900B2FC0
:100990001D562B30D242DB420104C24204BDFE8010
:1009A0008184232E7A0002420232252E62F5052E22
:1009B000D6008184252ED6000231252E60F5052E25
:1009C0008A000B50900880B20B2F052ECAF5F03E1E
:1009D0009008252ECAF5052E59F5E03F9008252EE2
:1009E00059F5906FA16FB36FC46FD56FE66FF76F56
:1009F0007B6F826F705FC82EC050907FE57FD47F81
:100A0000C37FB17FA27F877FF67F7B7F002E012E81
:100A100060F5607F982E35B70230636F1552507FB6
:100A2000627F5A2C02321A0900B3142F00B2032F2E
:100A3000092E180000910C2F437F982E97B71F5056
:100A4000028A02320430252E64F51552506F436F2E
:100A50004443252E60F5D908C0B2362F982E3EB7F4
:100A600000B2062F012E190000B2022F506F009025
:100A70000A2F012E79000090192F1030212E7900B5
:100A80000030982EDC03132D012EC3F50CBC0FB8DB
:100A90001230100403B0262521500352982E4DB772
:100AA0001030212EEE000230607F252E7900606F1D
:100AB0000090052F0030212EEA001550212E64F5FC
:100AC0001552232E60F50232506F0090022F033032
:100AD000272E7800072E60F51A090091A32F190917
:100AE0000091A02F906FA26FB16FC36FD46FE56FAD
:100AF0007B6FF66F876F405FC82EC050E77FF67F31
:100B000026300F2E61F52F2E7C000F2E7C00BE09A3
:100B1000A27F807F80B3D57FC47FB37F917F7B7FAF
:100B20000B2F23501A251240427F74821240527FAD
:100B3000002E0040607F982E6AD68130012E7C0006
:100B4000010800B2422F032E8900012E890097BCB4
:100B500006BC9FB80FB80090232ED800103001308B
:100B60002A2F032ED40044B2052F47B200302D2F78
:100B7000212E7C002B2D032EFDF59EBC9FB84090AE
:100B8000142F032EFCF599BC9FB840900E2F032E16
:100B900049F125544A084090082F982E35B700B2E5
:100BA0001030032F5030212ED400102D982EAFB7C7
:100BB0000030212E7C000A2D052E69F72DBD2FB99E
:100BC00080B2012F212E7D00232E7C00E031212ECA
:100BD00061F5F66FE76F806FA26FB36FC46FD56F6B
:100BE0007B6F916F405FC82E60510A253688F47F75
:100BF000EB7F0032315232301330982E15CB0A255C
:100C00003384D27F433005502D52982E95C1D26F38
:100C10002752982ED7C72A25B086C07FD37FAF84AE
:100C20002950F16F982E4DC82A25AE8AAA88F26EF7
:100C30002B50C16FD36FF47F982EB6C8E06E00B210
:100C4000322F33548386F16FC37F04303030F47F0A
:100C5000D07FB27FE330C56F56404541280803146A
:100C60000EB408BC8240100A2F542605917F4428F8
:100C7000A37F982ED9C008B933305309C16FD36F01
:100C8000F46F831747406C15B26FBE09750B904225
:100C90004542510E32BC0289A16F7E86F47FD07F1F
:100CA000B27F0430916FD62FEB6FA05EB82E032E6B
:100CB00097001BBC60509FBC0CB8F07F40B2EB7F2C
:100CC0002B2F032E7F004140012EC800011A112F47
:100CD0003758232EC8001041A07F38810141D07FB2
:100CE000B17F982E64CFD06F0780A16F1142002E84
:100CF000B16F01421130012EFC0000A80330CB225D
:100D00004A25012E7F003C8935520554982EC4CEC9
:100D1000C16FF06F982E95CF042D0130F06F982E93
:100D200095CFEB6FA05FB82E032EB3000232F030E8
:100D3000033130508A080808CB08E07F80B2F37F87
:100D4000DB7F252F032ECA004190042F0130232E74
:100D5000CA00982E3F03C0B2052F032EDA000030E0
:100D60004104232EDA00982E92B21025F06F00B2C3
:100D7000052F012EDA0002301004212EDA0040B2D5
:100D8000012F232EC801DB6FE06FD05F802E95CF3F
:100D90000130E06F982E95CF1130232ECA00DB6F03
:100DA000D05FB82ED0500A2533845550D27FE27FD1
:100DB000038CC07FBB7F0030055A39545141A57F59
:100DC000967F807F982ED9C00530F57F2025916FC2
:100DD0003B583D5C3B56982E67CCC16FD56F524057
:100DE0005043C17FD57F1025982EFEC91025982E1F
:100DF00074C0866F3028926F828CA56F6F52690E17
:100E00003954DB2F19A01530032F0030212E81011A
:100E10000A2D012E810105284236212E8101020E64
:100E2000012F982EF303575012300140982EFEC91F
:100E3000516F0B5C8E0E3B6F57580230212E95017F
:100E4000456F2A8DD27FCB7F132F02303F50D27F48
:100E5000A80E0E2FC06F535402005154420E103092
:100E600059520230012F002E032D504242421230BF
:100E7000D27F80B2032F0030212E8001122D012E4F
:100E8000C9000280052E8001113091280040252ED6
:100E90008001100E052F012E7F010190012F982E49
:100EA000F303002EA0410190A67F902EE3B4012E03
:100EB000950100A8902EE3B45B549580824080B2E7
:100EC00002402D8C3F52967F902EC2B3290E762F72
:100ED000012EC900004081284552B330982E0FCA18
:100EE0005D54807F002EA140727F82808240607FAF
:100EF000982EFEC91025982E74C0626F0530874069
:100F0000C0910430052F052E830180B21430002FCC
:100F10000430052EC900736F8140E2406904110F4F
:100F2000E1401630FE29CB40022F836F830F222F22
:100F30004756130F1230772F4954420E1230732F39
:100F400000910A2F012E8B0119A802306C2F6350DB
:100F5000002E17420542682C12300B25080F503026
:100F6000022F212E8301032D4030212E83012B2EB1
:100F700085015A2C123000912B25042F635002302A
:100F80001742172C0242982EFEC91025982E74C0C5
:100F9000052EC90081845B308240372E8301020E0A
:100FA000072F5F52403062404140910E012F212EA9
:100FB000830105302B2E85011230362C1630152575
:100FC000817F982EFEC91025982E74C019A2163064
:100FD000152F052E9701806F820E052F012E860199
:100FE0000628212E86010B2D032E87015F544E28E3
:100FF0009142002E8240900E012F212E8801023056
:10100000132C0530C06F081CA80F163005305B503C
:10101000092F02802D2E820105420580002E0242FA
:101020003E80002E06420230906F3E88014004410F
:101030004C280142078010252440004000A8F522DA
:10104000232944427A827E884340044100ABF52341
:10105000DF284342D9A0142F0090022FD26F81B213
:10106000052F6354062890428542092C02305B50BC
:101070000380292E7E012B2E8201054212302B2E59
:1010800083014582002E40407A8202A0082F6350DF
:101090003B30154205423780372E7E010542123023
:1010A000012EC900028C404084417A8C040F032F2A
:1010B000012E8B0119A4042F2B2E8201982EF303ED
:1010C000123081906152082F654265424380398415
:1010D00082880542454285420543002E80410090AA
:1010E000902EE1B46554C16F804000B243586950FE
:1010F000442F555CB7878C0F0D2E9601C440362FB8
:1011000041568B0E2A2F0B52A10E0A2F052E8F014E
:101110001425982EFEC94B54020F695005306554B2
:10112000152F032E8E014D5C8E0F3A2F052E8F0149
:10113000982EFEC94F54820F053069506554302FE8
:101140006D521530428C454204302B2C84436B5237
:10115000428C002E85431530242C45428E0F202FC3
:101160000D2E8E01B10E1C2F232E8E011A2D0E0E68
:10117000172FA10F152F232E8D01132D982E74C01C
:101180004354C20E0A2F655004800B3006820B4276
:10119000798041401230252E8C0101420530695082
:1011A000655484824384BE8C8440864126299442BF
:1011B000BE8ED57F19A143400B2E8C018440C741C0
:1011C0005D29272945428442C27F012FC0B31D2FCC
:1011D000052E940199A0012F80B3132F80B3182FEF
:1011E000C0B3162F12400140927F982E74C0926FA8
:1011F000100F2030032F1030212E7E010A2D212EBA
:101200007E01072D2030212E7E01032D1030212E4E
:101210007E01C26F012EC900BC8402808240004062
:10122000900ED56F022F1530982EF30341910530A3
:10123000072F67503D802B2E8F0105420480002E22
:101240000542022C00300030A26F988A864080A7A9
:10125000052F982EF303C030212E950106251A255F
:10126000E26F768296405643510EFB2FBB6F305F84
:10127000B82E012EB8000131410840B22050F230A2
:101280000208FB7F0130102F052ECC008190E07FFB
:10129000032F232ECC00982E55B6982E1DB5102561
:1012A000FB6FE06FE05F802E95CF982E95CF1030CA
:1012B000212ECC00FB6FE05FB82E00510558EB7F6C
:1012C0002A2589526F5A895013410640B3011642AC
:1012D000CB160640F3021342650EF52F054014307D
:1012E0002C29044208A10030902E52B6B388B08A4F
:1012F000B684A47FC47FB57FD57F927F73300430DE
:10130000554042408A17F3086B01900253B84B8254
:10131000ADBE717F450A0954847F982ED9C0A36F52
:101320007B54D042A37FF27F607F2025716F755A76
:101330007758795C7556982E67CCB16F626F5042C2
:10134000B17FB3301025982E0FCA846F2029716F9A
:10135000926FA56F76826A0E73300030D02FD26FF5
:10136000D17FB47F982E2BB715BD0BB8020AC26F80
:10137000C07F982E2BB715BD0BB8420AC06F081757
:1013800041188916E118D018A17F27251625982E17
:1013900079C08B54907FB330824080900D2F7D5266
:1013A000926F982E0FCAB26F900E062F8B5014308A
:1013B000426F516F144212420142002E316F982E3B
:1013C00074C0416F807F982E74C0826F10044352A6
:1013D000010F052ECB0000300430212F516F4358F0
:1013E0008C0E04301C2F8588416F04418C0F043013
:1013F000162F8488002E044104058C0E04300F2F14
:101400008288316F044104058C0E0430082F8388D4
:10141000002E04418C0F0430022F212EAD01143018
:101420000091142F032EA10141900E2F032EAD0128
:1014300014304C28232EAD0146A0062F81848D52F6
:1014400048828240212EA10142425C2C0230052EAE
:10145000AA0180B20230552F032EA901926FB3303A
:10146000982E0FCAB26F900F003002304A2FA26F31
:10147000875291008552510E022F002E432C0230CC
:10148000C26F7F52910E02303C2F516F8154982EC3
:10149000FEC91025B3302125982E0FCA326FC07FA8
:1014A000B3301225982E0FCA426FB07FB330122589
:1014B000982E0FCAB26F90288352982EFEC9C26F21
:1014C000900F003002301D2F052EA10180B2123086
:1014D0000F2F426F032EAB01910E0230122F526F6D
:1014E000032EAC01910F02300C2F212EAA010A2CE1
:1014F0001230032ECB008D58088941401143004320
:10150000252EA101D46F8F5200433A89002E10433B
:101510001043610EFB2F032EA001111A022F02258A
:10152000212EA001EB6F005FB82E915210300230D7
:10153000955652424B0EFC2F8D5488829356804212
:101540005342404242868354C02EC242002EA352D0
:101550000051524047401A25012E97008FBE7286D7
:10156000FB7F0B307CBFA5501008DFBA7088F8BF36
:10157000CB42D37F6CBBFCBBC50A907F1B7F0B4368
:10158000C0B2E57FB77FA67FC47F902E1CB7072E21
:10159000D200C0B20B2F9752012ECD00827F982E21
:1015A000BBCC0B30372ED200826F906F1A2500B261
:1015B0008B7F142FA6BD25BDB6B92FB980B2D4B08C
:1015C0000C2F99549B560B300B2EB100A1589B4207
:1015D000DB426C092B2EB1008B42CB42867F738499
:1015E000A756C30839520550727F637F982EC2C038
:1015F000E16F626FD10A012ECD00D56FC46F726F9B
:1016000097529D5C982E06CD236F906F9952C0B271
:1016100004BD5440AFB94540E17F0230062FC0B24F
:101620000230032F9B5C12309443854303BF6FBB92
:1016300080B3202F066F2601166F6E034542C090BF
:10164000292ECE009B52142F9B5C002E9341864185
:10165000E304AE0780AB042F80910A2F866F730FCF
:10166000072F836FC0B2042F544245421230042C1E
:101670001130022C1130113002BC0FB8D27F00B2F1
:101680000A2F012EFC00052EC701101A022F212E51
:10169000C701032D022C01300130B06F982E95CF79
:1016A000D16FA06F982E95CFE26F9F52012ECE0082
:1016B000824050420C2C42421130232ED200013085
:1016C000B06F982E95CFA06F0130982E95CF002E39
:1016D000FB6F005FB82E83860130003094402418E1
:1016E0000600530E4F02F92FB82EA952002E60406B
:1016F00041400DBC98BCC02E010A0FB8AB52533C00
:10170000524040404B00821626B901B841401008B3
:1017100097B80108C02E11300108438625400440C7
:10172000D8BE2C0B2211544203804B0EF62FB82E3C
:101730009F501050AD52052ED300FB7F002E13405A
:101740009342410EFB2F982EA5B7982E87CF012EDE
:10175000D90000B2FB6F0B2F012E69F7B13F0108D2
:101760000130F05F232ED900212E69F7802E7AB741
:10177000F05FB82E012EC0F8032EFCF51554AF56BD
:1017800082080B2E69F7CB0AB1588090DDBE4C0859
:101790005FB959228090072F0334C308F23A0A0830
:1017A0000235C0904A0A4822C02E232EFCF5105064
:1017B000FB7F982E56C7982E49C31030FB6FF05F01
:1017C000212ECC00212ECA00B82E032ED30016B82D
:1017D00002344A0C212E2DF5C02E232ED30003BC3B
:1017E000212ED500032ED50040B21030212E7700D7
:1017F0000130052F052ED8008090012F232E6FF584
:10180000C02E212ED90011308108012E6AF7713FB8
:1018100023BD0108020AC02E212E6AF730250030B0
:10182000212E5AF51050212E7B00212E7C00FB7FAB
:10183000982EC3B74030212ED400FB6FF05F0325F4
:10184000802EAFB7802E00C1802E00C1802E00C137
:10185000802E00C1802E00C1802E00C1802E00C1CC
:10186000802E00C1802E00C1802E00C1802E00C1BC
:10187000802E00C1802E00C1802E00C1802E00C1AC
:10188000012E5DF708BC80AC0EBB022F0030410476
:101890008206C0A40030112F40A9032F40910D2FC4
:1018A00000A70B2F80B3B358022F90A1261320233B
:1018B00080901030012FCC0E002F0030B82EB55084
:1018C000180808BC88B60D17C6BD56BCB758DABA9A
:1018D00004011D0A1050053032254503FB7FF63008
:1018E0002125982E37CA16B59ABC06B880A8410A99
:1018F0000E2F8090022F2D50480F092FBFA0042FCC
:10190000BF90062FB754CA0F032F002E022CB752D8
:101910002D52F233982ED9C0FB6FF137C02E01083B
:10192000F05FBF56B954D040C4400B2EFDF3BF52F8
:101930009042944295420530C1500F8806400441C0
:101940009642C54248BE73300D2ED8004FBA84422D
:10195000034281B3022F2B2E6FF5062D052E77F74C
:10196000BD569308252E77F7BB54252EC2F5072EBA
:10197000FDF34230B433DA0A4C00272EFDF3434026
:10198000D43FDC084342002E002E43402430DC0AC2
:1019900043420480032EFDF34A0A232EFDF36134F3
:1019A000C02E0142002E60501A257A86E07FF37F18
:1019B0000325C3524184DB7F3330982E16C21A258B
:1019C0007D82F06FE26F32251640944026018540FB
:1019D0008E17C4426E039542410EF42FDB6FA05F59
:1019E000B82EB051FB7F982EE80D5A25982E0F0E79
:1019F000CB583287C47F65896B8DC55A657FE17F7F
:101A0000837FA67F747FD07FB67F947F1730C752C5
:101A1000C954517F002E856F427F002E5141458170
:101A2000424113403B8A00404B04D006C0AC857F46
:101A3000022F02305104D306418405305D02C916DD
:101A4000DF08D3008D02AFBCB1B9590A656F1143ED
:101A5000A1B4524153410143347F657F2631E56F84
:101A6000D46F982E37CA326F756F83404241237FFF
:101A7000127FF63040255125982E37CA146F200565
:101A8000706F256F6907A26F316F0B3004429B4264
:101A90008B425542327F40A9C36F717F0230D040E4
:101AA000C37F032F4091152F00A7132F00A4112FE0
:101AB00084BD982E79CA556FB75454418200F33FC4
:101AC0004541CB02F630982E37CA356FA46F41439B
:101AD000032C0043A46F356F1730426F516F934052
:101AE00042820041C3000343517F002E9440414194
:101AF0004C02C46FD156630E746F5143A57F8A2F79
:101B0000092ED80001B3212FCB58906F1341B66F27
:101B1000E47F002E9141144092411540172E6FF53D
:101B2000B67FD07FCB7F982E000C0715C26F140BA9
:101B3000292E6FF5C3A3C18FE46FD06FE62F143049
:101B4000052E6FF5140B292E6FF5182DCD56043286
:101B5000B56F1C0151415241C340B57FE47F982EBF
:101B60001F0CE46F218700430432CF545A0EEF2F2D
:101B70001554092E77F7220B292E77F7FB6F505E4D
:101B8000B82E1050012ED40000B2FB7F512F01B2AD
:101B9000482F02B2422F0390562FD75279804240ED
:101BA000818400404242982E930CD954D750A140D2
:101BB00098BD82403E82DA0A44408B16E3005342CD
:101BC000002E43409A025242002E414015544A0EC4
:101BD0003A2F3A8200304140212E850F40B20A2F21
:101BE000982EB10C982E450E982E5B0EFB6FF05F71
:101BF0000030802ECEB7DD52D35442424F84733032
:101C0000DB5283421B306B422330272ED700372E06
:101C1000D400212ED6007A84172C42423030212E57
:101C2000D400122D21300030232ED400212E7BF73A
:101C30000B2D1730982E510CD5500C8272302F2E50
:101C4000D400252E7BF74042002EFB6FF05FB82EAC
:101C500070500A253986FB7FE1326230982EC2C46B
:101C6000B556A56FAB08916F4B08DF56C46F2309BB
:101C70004DBA93BC8C0BD16F0B09CB52E15E56422F
:101C8000AF094DBA23BD940AE56F68BBEB08BDB937
:101C900063BEFB6F5242E30AC02E4342905FD150B5
:101CA000032E25F3134000409BBC9BB408BDB8B97C
:101CB00098BCDA0A08B68916C02E190062021050C4
:101CC000FB7F982E810D012ED40031300804FB6F6C
:101CD0000130F05F232ED600212ED700B82E012E22
:101CE000D700032ED600480E012F802E1F0EB82ECF
:101CF000E350213401428230C132252E62F50100C9
:101D0000223001404A0A0142B82EE354F03B83409E
:101D1000D808E5528342003083305042C432272E27
:101D200064F5940050424042D33F84407D82E308F2
:101D300040428342B82EDD52003040427C86B95288
:101D4000092E700FBF54C442D3865440554094426C
:101D50008542212ED7004240252EFDF3C0427E82CF
:101D6000052E7D0080B2142F052E890027BD2FB9C6
:101D70008090022F212E6FF50C2D072E710F14303D
:101D80001C09052E77F7BD5647BE9308940A252EE9
:101D900077F7E75450424A0EFC2FB82E50500230CD
:101DA0004386E550FB7FE37FD27FC07FB17F002E6B
:101DB000414000404804982E74C01EAAD36F1430CE
:101DC000B16FE322C06F5240E46F4C0E1242D37FDA
:101DD000EB2F032E860F40901130032F232E860FFA
:101DE000022C0030D06FFB6FB05FB82E4050F17FF7
:101DF0000A253C86EB7F41332230982EC2C4D36F34
:101E0000F430DC094758C26F9409EB586ABBDC0810
:101E1000B4B9B1BDE95A950821BDF6BF770B51BEE3
:101E2000F16FEB6F52425442C02E4342C05F50509C
:101E3000F55031301142FB7F7B300B421130028074
:101E4000233301420300072E8003052ED3002352C3
:101E5000E27FD37FC07F982EB60ED16F080A1A2575
:101E60007B86D07F01331230982EC2C4D16F080A0E
:101E700000B20D2FE36F012E80035130C786232E51
:101E800021F208BCC042982EA5B7002E002ED02EFD
:101E9000B06F0BB8032E1B00081AB07F7030042FF0
:101EA000212E21F2002E002ED02E982E6DC0982EBD
:101EB0005DC0ED50982E44CBEF50982E46C3F150A4
:101EC000982E53C73550982E64CF1030982EDC03CF
:101ED0002026C06F02311242AB330B4237800130F3
:101EE0000142F337F752FB504440A20A42428B3181
:101EF000092E5EF7F954E30883421B4223334B005B
:101F0000BC840B40333083420B42E07FD17F982E5C
:101F100058B7D16F803040420330E06FF354043043
:101F2000002E002E0189620EFA2F43421130FB6F02
:101F3000C02E0142B05FC14A00006D570000778E8D
:101F40000000E0FFFFFFD3FFFFFFE5FFFFFFEEE133
:101F5000FFFF7C13000046E6FFFF000000000000CA
:101F60000000000000000000000000000000000071
:101F70000000000000000000000000000000000061
:101F80000000000000000000000000000000000051
:101F900000000000802E00C1802E00C1802E00C1F4
:101FA000802E00C1802E00C1802E00C1802E00C175
:101FB000802E00C1802E00C1802E00C1802E00C165
:101FC000802E00C1802E00C1802E00C1802E00C155
:101FD000802E00C1802E00C1802E00C1802E00C145
:101FE000802E00C1802E00C1802E00C1802E00C135
:101FF000802E00C1802E00C1802E00C1802E00C125
:10200000802E00C1802E00C1802E00C1802E00C114
:10201000802E00C1802E00C1802E00C1802E00C104
:10202000802E00C1802E00C1802E00C1802E00C1F4
:10203000802E00C1802E00C1802E00C1802E00C1E4
:10204000802E00C1802E00C1802E00C1802E00C1D4
:10205000802E00C1802E00C1802E00C1802E00C1C4
:10206000802E00C1802E00C1802E00C1802E00C1B4
:10207000802E00C1802E00C1802E00C1802E00C1A4
:1020800040F0200070472DE9F14FB0B09246049126
:102090000DF142013A9A2B9199464A7000200AE0CC
:1020A0001AF8011B0498309A90470028049000F019
:1020B00034860D98401C0D909AF8000050B12528E8
:1020C000EED1002100220791089209910A920B910A
:1020D0000C9204E00D9800F022BE41F001011AF8C4
:1020E000010F2028F9D023280CD02B2804D02D282C
:1020F00005D0302809D00BE041F00201EFE741F0B4
:102100000401ECE741F00801E9E741F01001E6E7DE
:102110002A280FD1D9F8002052F8040BC9F8002062
:1021200000280F9003D540420F9041F004010AF1BE
:10213000010A14E00F92DFF8EC3B0AE00F98984296
:1021400005DA00EB800402EB4402303A0F920AF108
:10215000010A9AF80020A2F130000A28EED39AF87A
:1021600000002E2803D04FF0FF320E9229E01AF81B
:10217000010F2A2809D1D9F8000050F8042BC9F81A
:1021800000000E920AF1010A1BE02D280CBF0AF193
:10219000010A002000220E92DFF8884B0BE040B9C4
:1021A0000E9AA24205DA02EB820503EB4503303BAF
:1021B0000E930AF1010A9AF80030A3F130020A2ABC
:1021C000EDD3ADF840100FF660309AF8001000F033
:1021D000EDFE08B11AF8010B8DF842009DF842009F
:1021E000682805D19AF8000068280CD1622106E021
:1021F0006C2804BF9AF800006C2804D171218DF876
:1022000042100AF1010A12A806901AF801BBBBF1AC
:1022100025012CD01C3900F09481091F022940F2BD
:102220009081133900F0AB84093900F08A81891E4E
:1022300000F04085491E00F0ED84491E022940F25D
:102240008081091F00F0E684491F00F0EF80491EDD
:1022500000F09584491E00F0D780C91E0CD0891E5D
:1022600000F08D84C91E00F08A8400F02EBD012389
:102270000793252100F026BDD9F8000050F8044B43
:10228000C9F80000002C059440F0AB802B994878E9
:10229000002800F0A1804FF0FF340FF6942000F0EA
:1022A00095FE241A40F0398500F01BBD01236A46D3
:1022B00002A9304600F000FE002840F02E85641E82
:1022C000F4D13096079C12AF74B1309E17F8011B01
:1022D0000498B0470028049000F01F850D98401C1A
:1022E000641E0D90F2D130960A9C3021002C8DF89E
:1022F00000100CDD309E01236A4602A9304600F032
:10230000DBFD002840F00985641EF4D13096059F5E
:10231000089C74B1309E17F8011B0498B047002840
:10232000049000F0FA840D98401C641E0D90F2D1C8
:1023300030960B9C3021002C8DF800100CDD309E67
:1023400001236A4602A9304600F0B6FD002840F09D
:10235000E484641EF4D1309605980899099C4718C6
:1023600074B1309E17F8011B0498B0470028049000
:1023700000F0D3840D98401C641E0D90F2D130966D
:102380000C9C3021002C8DF800100CDD309E0123B8
:102390006A4602A9304600F08FFD002840F0BD8457
:1023A000641EF4D130969DF8400041077FF584AE5D
:1023B0002020002D8DF800007FF77EAE309C012399
:1023C0006A4602A9204600F077FD002840F0A58467
:1023D0006D1EF4D130946FE60FF63C30059000F09E
:1023E00080BC0E9D002D04D5204600F00FFE044653
:1023F00007E02A46204600F025FE002814BF041BF3
:102400002C46089400F06DBCD9F8001051F8040B6C
:10241000C9F8001020F00004002121F0FF35CDE9BB
:10242000024512AB0593782100F040BC2B99487807
:1024300020B14FF0FF340FF6B02030E79DF8420096
:10244000622860D0682817D06A283FD06C2806D050
:10245000712847D074282CD07A281DD062E0D9F892
:10246000001051F8040BC9F80010002866D14FF095
:10247000FF340FF68C2012E7D9F8001051F8040B46
:10248000C9F8001020B94FF0FF340FF6742006E7AA
:102490000D99018000F025BCD9F8001051F8040B0B
:1024A000C9F80010002849D14FF0FF340FF6502032
:1024B000F5E6D9F8001051F8040BC9F8001000280F
:1024C0003CD14FF0FF340FF63820E8E6D9F8001081
:1024D00051F8040BC9F8001080B94FF0FF340FF623
:1024E0002020DCE6D9F8001051F8040BC9F80010E0
:1024F00020B94FF0FF340FF60820D0E60D9AD3171D
:10250000C0E90023EDE3D9F8001051F8040BC9F835
:10251000001020B94FF0FF340FF6E410BFE60D991C
:102520000170DEE3D9F8001051F8040BC9F800106F
:1025300020B94FF0FF340FF6C810B0E60D990160D6
:10254000CFE39DF842004C2807BFD9F80010CA1D00
:10255000D9F80000C21D22F00702C9F80020D2E914
:1025600000010832C9F80020CDE90201C80F02D0ED
:1025700007982D210AE0BDF84000810702D5079891
:102580002B2103E0C00705D50798202112AA11547A
:10259000401C079012A807994BF0200300EB010C98
:1025A000DDE90201CDE92C01612BCDF814C021AC8D
:1025B0000BD00E98002848BF062105D404BF4BF06D
:1025C0002000672801D101210E91DDE902014F00B1
:1025D00047EAD0777E15FF174FF0FF32974208BFCA
:1025E000964210D1090341EA10510003002908BFA7
:1025F000002808D0ABF1610503211A2D089118D3EA
:102600000FF61C1110E0DDE902014A00521512F12B
:10261000010F11D108030FD1ABF1610503211A2D70
:1026200008911FD30FF600110322604600F036FD1B
:1026300057E30FF6E801F7E7DDE902016A4600F02B
:1026400081FDCDE902014BF02000612811D10598F0
:1026500030210170821C0592BBF1610F0CBF782103
:10266000582102E00FF6BC01DEE741700798801C9C
:102670000790DDE9020120F0000231F0004308BFBD
:10268000002A02D10026002542E14BF02008B8F1D3
:10269000610F40F092800E98002847BF21210191E0
:1026A000401C0190019FDDE92C017F1C00220023CA
:1026B000DDE9024500F07EFD38BF85F00045009958
:1026C0008DF88420091F002F00910DF1850632DD61
:1026D000204629460022002300F086FD2BD21C2232
:1026E00000F09CFD04460D4600F01AFEFF1F002F6F
:1026F000804609DD00F01BFE02460B4620462946B7
:1027000000F01CFE04460D46F01D0721B8F1000F35
:102710000CDD491E5EBF08F00F0200F8012D4FEAE4
:102720002818F3D502E0002200F8012D491EFAD541
:10273000C61D002FCCDC0DF18500361A01980DF175
:1027400085048642D8BF304600282FD4B04206DA2E
:102750000DF185010A5C082AA8BF0F2100DA0021CB
:10276000024621AB134400E0401E13F80159521EEB
:102770008D42F9D00F2904D10DF185018B5C5B1CD2
:102780008B54002A04D50099091D21AC401C0091EE
:10279000411E0BD4621813783033DDB23A2DA4BF3A
:1027A0005B443A3B491E02F80139F4D50E990029E1
:1027B00040F1AC80421E0E92A8E00099DFF8E826B6
:1027C00047F29750414391FBF2F20092DDE92C452C
:1027D000C2F10702002A25F0004504DD2046294603
:1027E00000F03EFB0BE052420020DFF8C01600F084
:1027F00037FB02460B462046294600F0A8FD04465A
:102800000D46B8F1660F06BF009F0A3706270E98DF
:102810003F18142FC8BF142730208DF884000DF105
:102820008506002F34DD2046294600F099FD01463B
:102830000A4606F1080304200A26B2FBF6F606EB68
:10284000860EA2EB4E02303203F8012C0A22B6FBB0
:10285000F2F202EB820EA6EB4E063036401E03F873
:10286000026DE9D1083F002F03F10806D9DD0846C3
:1028700000F07DFD02460B462046294600F05EFD35
:102880000022DFF82C3600F079FD04460D46CAE739
:102890000DF18500361A0DF1850404E00098401E04
:1028A000761E0090641C20783028F7D0B8F1660FAF
:1028B00002D10098401C04E0B8F1650F0CBF012064
:1028C00000200E9940188642B8BF701E00281DD403
:1028D000B04204DA215C3429C8BF392100DC302140
:1028E0000246631E9D1800E0401E15F80169521E45
:1028F0008E42F9D0392902D1A15C491CA154002A89
:1029000004D50099491C1C46401C00910646009DB8
:102910000E9F30B2002802DC01260FF210644BF04B
:102920002000662808BF6D1C15D067280FFA85F8AF
:1029300041D118F1040F44DBB84542DA9DF840005C
:102940006D1C010703D430B2B842D8BF074628B285
:102950003F1A48BF00270FFA85F8B8F1000F00F3BF
:10296000AF800898411C0891302205990A54002F25
:1029700003DC9DF84000010705D50898411C08912B
:102980002E2205990A5417EB080FB8BF7D422DB2CD
:102990006842ED1932B20B909542B8BF2E46059BA6
:1029A000089836B2099632462146184400F076FB64
:1029B000AD1B0C95CCE0BBF1610F15D14FF0700B46
:1029C00017E030B2B84204DA9DF840100A0758BF49
:1029D00007467F1E48BF0027BBF1670F14BF4FF0AB
:1029E000450B4FF0650B04E0BBF1410F08BF4FF002
:1029F000500B0898411C0891002F059914F8012BE1
:102A00000A5403DC9DF84000010719D50898411CC1
:102A100008912E2205990A54002F11DD761E30B23E
:102A20008742B8BF3E460598089B32B221461844FB
:102A300000F034FB089836B23018BF1B08900B9793
:102A4000059808990844B8F1000F80F800B003D445
:102A50002B224270821C04E02D2145464170821CCD
:102A60006D4200212CAB28460AE004460A2094FB64
:102A7000F0F000EB8005A4EB450403F8014B491C82
:102A800000B20028F1DC012906DC4BF020006528AB
:102A900004BF302002F8010B00292CAB08D13020F4
:102AA00002F8010B06E0491E585C303002F8010BB9
:102AB0000029F8DC059908980844121A099247E0A1
:102AC00030B229B288421BDA0598089B32B22146FF
:102AD000184400F0E3FA089936B271180891A8EB8F
:102AE0000600002F0B9003DC9DF84000020705D57F
:102AF000059A2E2050540999491C09910C9727E0FA
:102B00000598089B2AB22146184400F0C7FA089895
:102B1000761B4044002F089003DC9DF840100A0704
:102B200004D5411C08912E2205990A5430B28742DF
:102B3000B8BF3E460598089B32B204EB0801184422
:102B400000F0ACFA089836B23018BE1B08900B960D
:102B50009DF8400000F01400102840F0C280079A51
:102B600008980B99821809988A1882180C980F995E
:102B70008018884280F2B580081A0A90B1E09DF86A
:102B80004200622808D068280ED06A2814D06C2829
:102B90001FD0712810D01CE0D9F8001051F8040B98
:102BA000C9F80010C0B21AE0D9F8001051F8040BAF
:102BB000C9F8001080B212E0D9F80000C21D22F05E
:102BC0000702C9F80020D2E900010832C9F8002044
:102BD00006E0D9F8001051F8040BC9F800100021E4
:102BE000CDE902019DF8400001075AD5DDE9022335
:102BF000002B08BF002A54D04BF02000782850D179
:102C0000079812A930220A54401C431C079301F86C
:102C100000B046E09DF84200622808D068280ED037
:102C20006A2814D06C281FD0712810D01CE0D9F865
:102C3000001051F8040BC9F8001040B21AE0D9F89E
:102C4000001051F8040BC9F8001000B212E0D9F8D6
:102C50000000C21D22F00702C9F80020D2E90001DD
:102C60000832C9F8002006E0D9F8001051F8040B2A
:102C7000C9F80010C117CDE90201002902D5079853
:102C80002D210AE0BDF84000810702D507982B21CD
:102C900003E0C00705D50798202112AA1154401C53
:102CA000079012A8079901440591594602A800F01F
:102CB0004DF816E001200790D9F8000050F8041BE9
:102CC000C9F800008DF848100BE001212522BBF166
:102CD000000F07918DF8482003D0022207928DF84B
:102CE00049B00F9D07990A986D1A08992D1A0B98EB
:102CF0006D1A09992D1A0C986D1A9DF840102D1A0D
:102D000048073FF5DFAA2021002D8DF800107FF73E
:102D1000D9AA309E2C46FFF7C9BA4FF0FF3031B028
:102D2000BDE8F08FCBCCCC0C686A6C747A4C000098
:102D30007072696E74665F733A20626164202573F5
:102D400020617267756D656E740000002DE9FC47A7
:102D500007468A463C6950466F2808BF082505D0BB
:102D6000FFF78EF9782814BF0A251025D7E900014E
:102D70003C2680468946BAF1640F18BFBAF1690F44
:102D800005D1002903D5D8F1000869EB4909B9F14B
:102D9000000F08BFB8F1000F0CD1386B50B9082DE7
:102DA0003AD197F83800010736D530223B2684F80F
:102DB0003B2031E08DF800A0404649462A46EB17FB
:102DC00000F0E6FA3032D0B2761E3A2801960EDADA
:102DD000A255404649462A46EB1700F0D9FA8046EC
:102DE0005FEA010908BFB8F1000F05D108E09DF8BE
:102DF00000001218513AEBE7F868A1198842DBD3BA
:102E0000082D09D197F83800010705D5A05D3028B5
:102E100002D0761E3020A055C6F13C03BB61A1193B
:102E2000F960386B834208DAC31A3B624FF6EF70E1
:102E3000398F01403987BDE8F38700280ED597F810
:102E4000380000F01400102808D17A6B7969386ACC
:102E5000521A121AD21A002AC8BF3A62BDE8F38782
:102E60002DE9D04306460F4614464FF00008DFF820
:102E7000449012E0E00707D542464B4630463946BB
:102E800000F07CFA06460F464046494642464B460D
:102E900000F074FA641080468946002CEAD130466E
:102EA0003946BDE8D0830000A08601000000F03F55
:102EB00084D7974100002440F8B505460E461746D2
:102EC0001C4600205CB117F8011BB068A847B06031
:102ED00030B1F06A401CF0620020641EF3D1F2BDF4
:102EE0004FF0FF30F2BD00007072696E74665F7360
:102EF0003A20256E20646973616C6C6F776564009D
:102F00007072696E74663A2062616420256E206179
:102F10007267756D656E7400000000006E616E0072
:102F20004E414E00696E6600494E46003000F0B4D6
:102F30000246106895681318506803EB5004C007E8
:102F400048BF4D44A3422DD013F8016B16F0030087
:102F500004BF13F8010BC01C31090F2907D113F866
:102F6000011B0F3103E013F8017B05F8017B401EC4
:102F7000F9D10029E6D013F8010BC6F38106032E20
:102F800008BF13F8016B00EB0620404228440026DE
:102F9000B71E8F421EBF10F8017B05F8017B761C1F
:102FA000F6D1CFE7F0BC02F10C007047C9B202784D
:102FB0008A421AB11CBF10F8012FF9E718BF002090
:102FC00070470268531C03601170704780B500B9E8
:102FD00006A005490B681BB122220021984701E099
:102FE00000F0EEFA222002BD6C0E0828636F6E73AB
:102FF000747261696E742068616E646C65723A20E7
:10300000626164206D6573736167650000F101039F
:10301000810704D010F8011B820781B1FAD1026840
:10302000A2F10131914311F0803104BF50F8042F17
:10303000F6E709BAB1FA81F100EBD100401CC01AE1
:1030400070470000C9B2830706D0521E22D310F881
:10305000013B9942F7D11FE0083A13D302F1040271
:1030600041EA012141EA014150F8043B121F21BF0E
:103070004B40A3F1013C2CEA030C1CF0803FF3D041
:10308000C9B2001F083210F8013B521E28BF91EA56
:10309000030FF8D818BF0120401E704762B38B079A
:1030A00008D0521E11F8013B00F8013B00F02480CB
:1030B0008B07F6D1830740F0208000BF103A07D37A
:1030C00030B4B1E83810103AA0E83810F9D230BC6A
:1030D000530724BFB1E80810A0E8081044BF51F816
:1030E000043B40F8043BD20724BF31F8022B20F800
:1030F000022B44BF0B7803707047121F17D35B007D
:1031000009D151F8043B20F8023B1B0C121F20F898
:10311000023BF6D20BE051F8043B00F8013B1B0ADE
:1031200020F8023B1B0C121F00F8013BF3D238BF02
:10313000121D521E24BF11F8013B00F8013BF8D8C4
:103140007047000010B5144600F002F8226010BD70
:10315000C1F30A5343B14A0012F5001F28D2A3F26B
:10316000FE32A1EB0251704750EA410C20D001F031
:10317000004C31EA0C01B1FA81F204BFB0FA80F3DD
:10318000D2180B3AB2F120032CBF00FA03F19140A0
:1031900041EA0C013EBFC2F1200C20FA0CF31943A6
:1031A0009040524240F2FD33D21A01EB0351704776
:1031B0000022704741EA030C50EA4C0C52EA0C0C16
:1031C0004FF4001C09D307D01CEB410F9CBF1CEB34
:1031D000430F8B4208BF824270471CEB430FFBD862
:1031E000994208BF9042704741EA030C50EA4C0CE8
:1031F00052EA0C0C4FF4001C09D307D01CEB410F12
:103200009CBF1CEB430F994208BF904270471CEBD8
:10321000410FFBD88B4208BF8242704700B541EC9A
:10322000100B104600F004F851EC100B00BD00BF6D
:10323000020030EE101B40F2FF7C37D41CEA115321
:1032400013D063456BD09B18634504D201EB025148
:1032500020EE101B704701F0004141EA0C510020A4
:1032600041EC100BAFF30080704710EE100B50EAEA
:10327000410054D0B2F57F7F08D202EB5C01090512
:10328000002041EC110B20EE010B70474FF0FE4186
:10329000002341EC113B20EE010BB2F57E7230EEC3
:1032A000101B4FEA410342EB5353CDE752421CEA55
:1032B000115316D0634532D09A4204D2A1EB025189
:1032C00020EE101B70475B1ED21AA1EB035120EEBB
:1032D000101B372A0CD3002001F0004141EC100BE9
:1032E000C0E710EE100B50EA410018D0372AF2D296
:1032F000C2EB5C021105002041EC110BF1EE100A4B
:1033000020F01F0121F4F851E1EE101A20EE010B1C
:10331000F1EE101AE1EE100A11F0080FA2D1704779
:1033200041EC100BBDEEC00B10EE100A704700EE22
:10333000100AB8EEC00B51EC100B704741EC100BAB
:1033400043EC112B30EE410B51EC100B704741EC6C
:10335000100B43EC112B80EE010B51EC100B70475E
:1033600041EC100BBCEEC00B10EE100A704700EEE3
:10337000100AB8EE400B51EC100B704741EC100BEB
:1033800043EC112B20EE010B51EC100B70470000A9
:10339000BBBBE1B1B2F5803F80F07E80022A1ED92E
:1033A0008C46B1FBF2F102FB11C31B0443EA10434C
:1033B000B3FBF2FC02FB1C3380B240EA0343B3FBD5
:1033C000F2F002FB103240EA0C4000237047022A60
:1033D00005D98446B0FBF2F002FB10C270474AB137
:1033E00005D100F0010249085FEA30007047002271
:1033F0000023704700F0E8B80B0002000021002015
:103400007047904271EB030CF6D3B3F5803F2FD297
:10341000F0B5B3FA83F7B1FA81F4A7F10F0E3D1BB3
:103420005340CEF1200602FA0EF2F3415340B5F1BB
:103430000F0746D80F3C2C444140C4F12006A04061
:10344000F1414140B1FBF3F603FB1611A2FB064527
:10345000001BA94102D2761E8018594180EA010260
:1034600021FA0EF362FA0EF200215A403046F0BD06
:1034700030B4B1FBF3FC03FB1C11A2FB0C45001B99
:10348000A94103D2ACF1010C8018594130BC02466D
:103490000B46604600217047B2F1807F65D3F0B5DE
:1034A000B2FA82F7B1FA81F4C7F10F063D1B22FA96
:1034B00006F307F1110EF24120355A40B5F10F071E
:1034C000B8D94140C4F12006A040F1414140B1FBD0
:1034D000F3FC03FB1C11A2FB0C45001BA94103D20A
:1034E000BCF1010C801859410F2F12D30F3FC903B3
:1034F00041EA5041B1FBF3F603FB1611A2FB06456E
:10350000D4EBC030A94102D2761E8018594146EA58
:10351000CC3C07B34140C7F12006B840F1414140DF
:10352000B1FBF3F603FB1611A2FB0645001BA941F4
:1035300002D2761E8018594180EA010221FA0EF368
:10354000C7F1200462FA0EF20CFA07F05A402CFA86
:1035500004F13043F0BD80EA010221FA0EF30021AC
:1035600062FA0EF260465A40F0BD8C46B1FBF2F1B1
:1035700002FB11C31B0243EA1063B3FBF2FC02FB24
:103580001C331B024CEA002043EA1063B3FBF2FC3D
:1035900002FB1C331B024CEA002043EA1063B3FB1E
:1035A000F2FC02FB1C331B024CEA002043EA1063CE
:1035B000B3FBF2FC02FB1C324CEA002000237047F4
:1035C000012000F003B800007047000080B5AFF3A1
:1035D0000080024A11001820ABBEFBE72600020063
:1035E000D0F80803C005C00D704710F541710A6896
:1035F00052F480320A6010F541710A6832F4803268
:103600000A60D0F804037047C0F840127047D0F841
:103610000802C005C00D7047D0F80802C0F3C030E2
:10362000704738B505002800FFF7F1FF04002800B7
:10363000FFF7F2FF0419002C01D1012000E0002067
:10364000C0B232BD0068C0F38130002801D18020B3
:1036500000E040207047016851F000410160704770
:103660002030026861F39B620260704780B5FFF70B
:10367000B7FF02BD80B5FFF7B8FF01BD022801D337
:10368000012010E00B00DBB2042B01DB01200AE07B
:10369000DFF8083603EB8000C9B2405C824201D3F8
:1036A000012000E000207047F8B504000F0015006D
:1036B0001E00022C01D301202AE02A003900C9B2E1
:1036C0002000FFF7DBFF012801D1012020E0069850
:1036D0003900C9B202291ED1B6F5803F19D220287F
:1036E00017D24FF4C052DFF8B81563030B4403EB55
:1036F000850313441F6866F317271F606403214482
:1037000001EB850111440A6860F3C7020A600020DA
:10371000F2BD0120FCE7FFB2032F1FD1B6F1807F7D
:103720001AD2202818D24FF4E052DFF87415630340
:103730000B4403EB850313441F6807F0FF0757EAA8
:1037400006271F606403214401EB850111440A68C8
:1037500060F3C7020A60DAE70120D9E70120D7E762
:1037600000B20012C0B27047F8B505000E00170095
:10377000280000B2FFF7F4FF04002000C0B20228C6
:1037800001D3012024E03A003100C9B22000C0B2C8
:10379000FFF774FF012801D1012019E0DFF80015BF
:1037A0002000C0B2400308442A00D2B200EB8200DD
:1037B000D0F8000CF6B266F3092067F30700E4B214
:1037C00064032144EDB201EB8501C1F8000C002037
:1037D000F2BD70B504000D001600022C01D30120CB
:1037E0001DE032002900C9B22000FFF747FF012881
:1037F00001D1012013E0DFF8A8146003085850F04D
:10380000004050F0407050F47F00EDB265F30920A5
:1038100066F307006203885064030859002070BDF6
:103820000100C020C9B2002905D0022907D004D365
:10383000032906D006E0122004E0622002E07A208C
:1038400000E01A20C0B270470100C020C9B20029B0
:1038500005D0022907D004D3032906D006E01120A1
:1038600004E0612002E0792000E01920C0B2704736
:103870000100C020C9B2002905D0022907D004D315
:10388000032906D006E0102004E0602002E0782042
:1038900000E01820C0B270470100C020C9B2002962
:1038A0000BD002290DD00AD304290ED00BD3062940
:1038B0000FD00CD307290ED00EE013200CE01420FB
:1038C0000AE0632008E0642006E07B2004E0292071
:1038D00002E01B2000E01C20C0B270470100002065
:1038E000C9B2002905D0022907D004D3032906D084
:1038F00006E0132004E0132002E0132000E0132070
:10390000C0B2704701000020C9B2002905D00229C9
:1039100007D004D3032906D006E0132004E01320C7
:1039200002E0132000E01320C0B270470100002025
:10393000C9B2002905D0022907D004D3032906D033
:1039400006E0132004E0132002E0132000E013201F
:10395000C0B2704701000020C9B200290BD0022973
:103960000DD00AD304290ED00BD306290FD00CD3C7
:1039700007290ED00EE013200CE013200AE01320DC
:1039800008E0132006E0132004E0132002E01320D7
:1039900000E01320C0B27047C9B2082902D0102934
:1039A00046D096E0DFF8E0130200D2B251F82220B0
:1039B000126832F440420300DBB251F823301A603F
:1039C0000200D2B251F82220D2F80022520952014C
:1039D0000300DBB251F82330C3F800220200D2B258
:1039E00051F82220D2F8002252F007020300DBB285
:1039F00051F82330C3F800220200D2B251F822203D
:103A0000D2F80023520952010300DBB251F82330EF
:103A1000C3F800230200D2B251F82220D2F80023CA
:103A200052F00702C0B251F82000C0F8002350E065
:103A3000DFF854130200D2B251F82220126832F497
:103A400040420300DBB251F823301A600200D2B2C8
:103A500051F82220126852F480420300DBB251F880
:103A600023301A600200D2B251F82220D2F800228C
:103A7000520952010300DBB251F82330C3F800228F
:103A80000200D2B251F82220D2F8002252F00F02E6
:103A90000300DBB251F82330C3F800220200D2B297
:103AA00051F82220D2F80023520952010300DBB260
:103AB00051F82330C3F800230200D2B251F822207B
:103AC000D2F8002352F00F02C0B251F82000C0F823
:103AD000002370472DE9F04104000F001600082173
:103AE0002000C0B2FFF758FFDFF8A0522000C0B29C
:103AF000285C08280FD02000C0B2285CC010DFF876
:103B0000901211EBC01101202200D2B2AA5C12F077
:103B1000070290400860DFF87082FFB23900200091
:103B2000C0B258F82000FFF76FFD2000C0B258F86F
:103B30002000FFF787FD07002000C0B258F82000E2
:103B4000FFF765FD8742F0D0F6B231002000C0B229
:103B500058F82000FFF758FD2000C0B258F82000A8
:103B6000FFF770FD06002000C0B258F82000FFF7F4
:103B70004EFD8642F0D02000C0B258F82000FFF77A
:103B800050FD0028F7D02000C0B2285C08280ED0D5
:103B90002000C0B2285CC010DFF8F81111EBC01192
:103BA0000120E4B22A5D12F0070290400860BDE8EF
:103BB000F0812DE9F8430600894615001C00082114
:103BC0003000C0B2FFF7E8FEDFF8C0713000C0B2CD
:103BD000385C08280FD03000C0B2385CC010DFF865
:103BE000B01111EBC01101203200D2B2BA5C12F058
:103BF000070290400860DFF890815FFA89F9494632
:103C00003000C0B258F82000FFF7FEFC3000C0B210
:103C100058F82000FFF716FD81463000C0B258F872
:103C20002000FFF7F4FC8145F0D029783000C0B2C5
:103C300058F82000FFF7E8FC6D1C3000C0B258F8BF
:103C40002000FFF7FFFC81463000C0B258F820008A
:103C5000FFF7DDFC8145F0D0641E002CE5D130007B
:103C6000C0B258F82000FFF7DCFC0028F7D0300085
:103C7000C0B2385C08280ED03000C0B2385CC0102A
:103C8000DFF8101111EBC0110120F6B2BA5D12F08D
:103C9000070290400860BDE8F1830000988E28106C
:103CA000000004402DE9F84380460D0016001C007A
:103CB00008214046C0B2FFF76FFE344F4046C0B205
:103CC000385C08280ED04046C0B2385CC01030497D
:103CD00011EBC01101204246D2B2BA5C12F00702C9
:103CE00090400860DFF8A090EDB229004046C0B2D5
:103CF00059F82000FFF788FC4046C0B259F8200070
:103D0000FFF7B4FC0028F7D04046C0B259F82000B5
:103D1000FFF7B0FC00214046C0B259F82000FFF781
:103D200073FC4046C0B259F82000FFF77AFC002827
:103D3000F7D04046C0B259F82000FFF797FC0028A2
:103D4000F7D04046C0B259F82000D0F84003307098
:103D5000761C641E002CDDD14046C0B2385C0828B9
:103D60000FD04046C0B2385CC0100A4911EBC011F8
:103D700001205FFA88F817F8082012F00702904037
:103D80000860BDE8F183000090070828680E082845
:103D900004003140080031402DE9F04F9DB004008F
:103DA0000D001E0092000023A1480021FFF7F0FA49
:103DB0000700342100220DF10408404600F03EF9CE
:103DC0003C2100220DF13808404600F037F9200070
:103DD0003100C0B2C9B2884201D1012000E0002008
:103DE000DDF89890DFF84CA24FF464725146C0B2EF
:103DF00000F0F0FA30004946C0B2C9B2884201D1A1
:103E0000012000E00020DDF89C8040F29132514614
:103E1000C0B200F0DFFA062002904846C0B2FFF7B9
:103E200071FD8DF80C004846C0B2FFF70DFD8246CB
:103E30005FF0080B4846C0B2FFF706FDDFF8F891C7
:103E400001AA9AFBFBF10BFB11AA5146C0B2C010AC
:103E5000C001484400F0DBFB062002903000C0B2F5
:103E6000FFF73CFD8DF80C003000C0B2FFF7D8FC26
:103E700082465FF0080B3000C0B2FFF7D1FC01AA08
:103E80009AFBFBF10BFB11AA5146C0B2C010C00156
:103E9000484400F0BCFB4046C0B204281ED00820B5
:103EA00002904046C0B2FFF741FD8DF80C0040463D
:103EB000C0B2FFF7DDFC06005FF0080A4046C0B262
:103EC000FFF7D6FC01AA96FBFAF10AFB1166310056
:103ED000C0B2C010C001484400F099FB289E3000D9
:103EE000C0B208281ED0062002903000C0B2FFF7F2
:103EF00031FD8DF80C003000C0B2FFF7CDFC8046DC
:103F00005FF0080A3000C0B2FFF7C6FC01AA98FBB8
:103F1000FAF10AFB11884146C0B2C010C001484402
:103F200000F075FB2000C0B2032803D22000C0B20D
:103F3000401C00E000202200D2B2521D032110F5E7
:103F40008F7000B2FFF710FC2000C0B2032803D22C
:103F50002000C0B2401C00E0002010F58F7000B2BD
:103F6000FFF7FEFB17F01F010091C7F35713220064
:103F7000D2B2521D0321C0B2FFF796FB2000C0B29F
:103F8000032803D22000C0B2401C00E0002010F53E
:103F90008F7000B2FFF7E4FB2200D2B2521D032162
:103FA000C0B2FFF716FCEDB2002D05D0022D09D0EE
:103FB00005D3032D09D00AE00020109007E001206E
:103FC000109004E00220109001E0032010900120E6
:103FD0000E9000200F9004201190082012900820CD
:103FE000139001208DF8500001208DF853000F4DE3
:103FF00000220EA92000C0B255F8200000F046FBB8
:1040000000212000C0B255F82000FFF729FB200056
:10401000C0B255F82000FFF71EFB0348E4B2065576
:104020001DB0BDE8F08F0000680E08289007082832
:10403000008096987C8B28100000314062F30F229C
:1040400062F31F42401810F0030308D0C91A1FD3AF
:10405000DB0748BF00F8012D28BF20F8022D130010
:1040600030B414461546103928BF20E93C00FAD870
:10407000490728BF20E90C0048BF40F8042D8900FB
:1040800028BF20F8022D48BF00F8012D30BC704732
:10409000C91818BF00F8012DCB0728BF00F8012D63
:1040A0007047000082B000200190002000900020A6
:1040B000019009E00098401C00900098B0F5005F66
:1040C000F8D30198401C01900198B0F5805F02D2AE
:1040D00000200090F1E702B0704780B50100002099
:1040E00000F0C0FD01BD2DE9F043ADF5137D0700E3
:1040F000884616001C000020ADF802000020ADF834
:104100000000002002900020ADF804000020ADF86F
:1041100006004046FEF77AFF0290DFF8A053288899
:10412000002801D028698047DFF894030078002830
:1041300000F033812888002800F01181BDF90600C5
:10414000411CADF806103A00010089B20020EB686E
:10415000984747464046FEF759FF02906888A9797C
:1041600090FBF1F0ADF804003800471C00780028FF
:10417000FAD10020ADF800000EE07F1E38782F281D
:1041800002D038785C2804D1BDF80000401CADF89E
:1041900000000298401E0290BDF80000022802DADA
:1041A00002980028E9D50298002806D47A1CDFF886
:1041B000141353A800F076FF0EE0BDF800000028AD
:1041C00005D13A00C04953A800F06CFF04E03A0062
:1041D000BC4953A800F066FF0020ADF8020042E0A1
:1041E000BDF80010BDF80020BDF8023053AF9BB2FF
:1041F000BDF90400434313FA82F0385C43AA89B244
:104200005054BDF80000401CADF80000BDF800009F
:1042100080B2BDF9041088420EDA53A8FEF7F6FE0C
:10422000BDF80020BDF802309BB2BDF904104B432D
:1042300013FA82F18842D3D2002043A9BDF80020AE
:104240008854BDF90600411CADF8061043AAE9796F
:1042500011FB00F189B20020EB689847BDF802001D
:10426000401CADF80200BDF8027053A8FEF7CEFE68
:10427000BDF90410B0FBF1F0401CBFB2874203D27D
:104280000020ADF80000C1E73200904953A800F0CB
:1042900009FFBDF90600411CADF8061053AAE979E3
:1042A00011FB00F189B20020EB689847002C74D014
:1042B0000020ADF8020041E0BDF80010BDF800207C
:1042C000BDF802309BB2BDF90400434313FA82F0FB
:1042D000205C43AA89B25054BDF80000401CADF8E0
:1042E0000000BDF8000080B2BDF9041088420EDA6B
:1042F0002000FEF78BFEBDF80020BDF802309BB217
:10430000BDF904104B4313FA82F18842D4D2002045
:1043100043A9BDF800208854BDF90600411CADF842
:10432000061043AAE97911FB00F189B20020EB687D
:104330009847BDF80200401CADF80200BDF80260CD
:104340002000FEF763FEBDF90410B0FBF1F0401C45
:10435000B6B2864221D20020ADF80000C1E74FF48A
:10436000807100220DF10C094846FFF767FE380006
:10437000A9688847002C07D000943300424654496E
:1043800003A800F08FFE05E033004246514903A820
:1043900000F088FE03A8A96888470DF5137DBDE8E5
:1043A000F08310B546480078002809D04B4C210016
:1043B000002000F065FC01222100474800F0F7FED4
:1043C00010BD10B514002200D2B2002000F03BFC5A
:1043D000200010BD38B50C001500C0B2002803D174
:1043E0003F480078002800D131BD3E4908780028B8
:1043F00000D0FEE70878401C087001F0E1F80023C7
:104400002A0021003848FFF76EFEFFF74BFEF6E763
:1044100010B514001A00C0B2002808D1284800784E
:10442000002804D00B0021003048FFF75CFE10BDCF
:10443000002101804FF6FF7141808180FF21817151
:10444000C171002181600021C160002101617047BC
:104450001A4902880A8042884A8082888A80827942
:104460008A71C279CA7182688A60C268CA6000694A
:104470000861012012490870704700B585B0684690
:10448000FFF7D6FF1A4802906846FFF7E1FF05B034
:1044900000BD80B5FFF7F1FF002300225FF4E1319A
:1044A000002000F013FD4023124A00210A4801F0C9
:1044B0001EF80121002000F08AFC01BD240E08280E
:1044C000820E08285C8E28103C8E2810688E2810DA
:1044D000248D2810F48D2810F40D0828830E082848
:1044E000CA070828840E08284C8E2810748E2810BD
:1044F000DB402810640D082830B4614B1818C0093F
:10450000604C14EB001404290DD223681F25C80049
:104510008540AB43D2B212F01F02C90012FA01F17A
:10452000194321600CE0091F63681F25C8008540FE
:10453000AB43D2B212F01F02C9008A401A43626034
:1045400030BC7047002A04D1012212FA01F1416007
:1045500003E0012212FA01F18160704710B4890072
:10456000436C0F248C40A34312F00F0212FA01F1A6
:104570001943416410BC704710B4836C01248C4013
:10458000A34312F0010212FA01F11943816410BC35
:10459000704710B4C36C01248C40A34312F0010295
:1045A00012FA01F11943C16410BC704710B44900FC
:1045B0001031C36C03248C40A34312F0030212FA9F
:1045C00001F11943C16410BC70474269012212FA1B
:1045D00001F141614069704710B4836901248C4046
:1045E000A34312F0010212FA01F11943816110BCD8
:1045F000704710B44900036C03248C40A34312F0AD
:10460000030212FA01F11943016410BC7047F8B5B6
:1046100005000E0014000027002D2ED0002C2CD0F9
:10462000226831002800FFF78DFF227A3100280030
:10463000FFF762FF626931002800FFF79DFFA26962
:1046400031002800FFF7A5FFE26931002800FFF7DD
:10465000ADFF626831002800FFF780FFE26831009B
:104660002800FFF7C6FF31002800FFF7AEFF2269E0
:1046700031002800FFF7B0FF00E0034F3800F2BD23
:104680000000CFBF0000304001005A002DE9F0418A
:10469000DFF8D0311C00DFF8D051D5F800C0DFF8CA
:1046A000CC512D68DFF8C8613668DFF8C8713F6803
:1046B0005FF0000E5FF0000E002800F0D0800029AF
:1046C00000F0CD804C68002C01D18C6805E04C686E
:1046D000022C01D1002400E00224D1F810E0D1F82E
:1046E0001480C64502D3D1F810E001E0D1F814E0FF
:1046F000BEF1090F08D23CF4404C91F82130002B58
:1047000012D05CF4807C11E0BEF1110F03D20123C2
:1047100063F38F3CF1E7BEF1210F03D2022363F371
:104720008F3CEAE718009BE03CF4807CCB685B1E82
:1047300013F00F035FEA1C1C5FEA0C1C53EA0C0C1D
:10474000012363F3196CC0F800C00B7F002B01D06C
:10475000002300E0012363F300054B681B0963F3AA
:104760004105CB7E63F304154B7E63F345150B685F
:10477000012B01D1012300E0002363F3DF75230047
:104780005B0863F3820564F3C3054B7F63F308257D
:104790008B7F63F34925CB7F63F38A2591F8203023
:1047A00063F3CB250B7913F0030363F319650562FB
:1047B0000B7E63F308278B7E63F349270B695B1E2F
:1047C00013F01F037F097F011F43C0F8007391F8A6
:1047D000243003F0FF0310F5417425682D0A2D02E3
:1047E0002B4323600B7E63F308264B695B1E13F09B
:1047F0001F03760976011E43C0F8006291F82C3041
:1048000003F0FF0310F5017425682D0A2D022B43D8
:1048100023600B6BC0F8883F8B6AC0F8C83F91F8E3
:10482000383010F57064256863F34925256091F8E8
:10483000391010F574631C6861F3CB241C600021EF
:10484000C0F8C81E002A09D0002010600020906126
:104850000020D0600020D0610748106200242000B2
:10486000BDE8F0810140AA00CC8E2810D08E28101F
:10487000D48E2810D88E2810EFCDAB00022801D39B
:10488000012010E00B00DBB2042B01DB01200AE069
:10489000DFF8CC3703EB8000C9B2405C824201D321
:1048A000012000E000207047F8B504000F0015005B
:1048B0001E00022C01D301202AE02A003900C9B2CF
:1048C0002000FFF7DBFF012801D1012020E006983E
:1048D0003900C9B202291ED1B6F5803F19D220286D
:1048E00017D24FF4C052DFF87C1763030B4403EB7D
:1048F000850313441F6866F317271F606403214470
:1049000001EB850111440A6860F3C7020A600020C8
:10491000F2BD0120FCE7FFB2032F1FD1B6F1807F6B
:104920001AD2202818D24FF4E052DFF83817630368
:104930000B4403EB850313441F6807F0FF0757EA96
:1049400006271F606403214401EB850111440A68B6
:1049500060F3C7020A60DAE70120D9E70120D7E750
:1049600000B20012C0B27047F8B505000E00170083
:10497000280000B2FFF7F4FF04002000C0B20228B4
:1049800001D3012024E03A003100C9B22000C0B2B6
:10499000FFF774FF012801D1012019E0DFF8C416E8
:1049A0002000C0B2400308442A00D2B200EB8200CB
:1049B000D0F8000CF6B266F3092067F30700E4B202
:1049C00064032144EDB201EB8501C1F8000C002025
:1049D000F2BD70B504000D001600022C01D30120B9
:1049E0001DE032002900C9B22000FFF747FF01286F
:1049F00001D1012013E0DFF86C166003085850F075
:104A0000004050F0407050F47F00EDB265F3092093
:104A100066F307006203885064030859002070BDE4
:104A2000D0F840037047D0F80803C005C00D7047A8
:104A3000C0F840127047D0F80802C005C00D70479A
:104A4000D0F80802C0F3C030704738B50500280020
:104A5000FFF7F1FF04002800FFF7F2FF0419002C14
:104A600001D1012000E00020C0B232BDC0F8C81F53
:104A70007047D0F8C80F7047C0F8881F7047D0F84B
:104A8000880F7047016851F000410160704738B5E8
:104A900004001500C9B2002906D002291ED010D387
:104AA000042935D027D340E0DFF8BC05A060012001
:104AB0002073112060734FF48C70E08112202082EB
:104AC00039E0DFF8A805A060012020731120607391
:104AD00040F21D10E0816B2020822CE0DFF8900571
:104AE000A06001202073112060734FF48E70E0816C
:104AF0006A2020821FE0DFF87C05A060022020737E
:104B00001120607340F21B10E0816920208212E0C6
:104B1000DFF86405A06001202073132060734FF458
:104B20008D70E0816820208205E07C22DFF84C1542
:104B30000020FFF74FFCEDB2002D06D0022D1ED055
:104B400010D3042D35D027D340E0DFF81C052060BA
:104B500000202071112060714FF48C70E0811220D0
:104B6000208239E0DFF80405206000202071112048
:104B7000607140F21D10E0816B2020822CE0DFF894
:104B8000F004206000202071112060714FF48E70BD
:104B9000E0816A2020821FE0DFF8D8042060012035
:104BA00020711120607140F21B10E0816920208289
:104BB00012E0DFF8C404206000202071132060712F
:104BC0004FF48D70E0816820208205E0A822DFF894
:104BD000AC140020FFF7FEFB31BD10B5C0B20028B9
:104BE00006D002280AD006D304280DD009D30EE03F
:104BF000DFF88C4411E0DFF88C440EE0DFF88844E5
:104C00000BE0DFF8884408E0DFF8844405E0BD22CB
:104C1000DFF868140020FFF7DDFB200010BD38B579
:104C20000400DFF87054C9B22000C0B255F820006B
:104C3000FFF7FEFE2000C0B255F82000FFF705FF89
:104C40000028F7D031BD70B505000E00140006E055
:104C500031782800C0B2FFF7E2FF641E761C002CFA
:104C6000F6D170BD38B504000D0005E029782000AC
:104C7000C0B2FFF7D4FF6D1C28780028F6D131BDF3
:104C800070B504000D000020DFF808642000C0B2F9
:104C900056F82000FFF7C7FE002807D0E4B256F808
:104CA0002400FFF7BDFE2870012000E00020C0B204
:104CB00070BD70B505000C00DFF8D8632800C0B2E5
:104CC00056F82000FFF7DBFE4008400001002800F6
:104CD000C0B256F82000FFF7CFFE2800C0B256F849
:104CE0002000FFF7CCFE30F0020001002800C0B227
:104CF00056F82000FFF7C0FE2800C0B256F820008A
:104D0000FFF7BDFE30F0200001002800C0B256F8C9
:104D10002000FFF7B1FE2800C0B256F82000FFF7D0
:104D2000AEFE30F0400001002800C0B256F820006E
:104D3000FFF7A2FE2800C0B256F82000FFF79FFE42
:104D400030F0100001002800C0B256F82000FFF734
:104D500093FE2800C0B256F82000FFF790FE30F412
:104D6000807001002800C0B256F82000FFF784FED2
:104D70002800C0B256F82000FFF781FE30F48060B2
:104D800001002800C0B256F82000FFF775FE002C85
:104D90000ED02800C0B256F82000FFF76AFE50F48B
:104DA00000700100EDB256F82500FFF765FE0DE03A
:104DB0002800C0B256F82000FFF75BFE30F4007008
:104DC0000100EDB256F82500FFF756FE70BD70B534
:104DD00005000C00DFF8BC622800C0B256F82000C5
:104DE000FFF747FE4008400001002800C0B256F817
:104DF0002000FFF73BFE2800C0B256F82000FFF766
:104E000038FE30F0080001002800C0B256F820003B
:104E1000FFF72CFE2800C0B256F82000FFF729FE4D
:104E200030F0200001002800C0B256F82000FFF743
:104E30001DFE2800C0B256F82000FFF71AFE30F41D
:104E4000807001002800C0B256F82000FFF70EFE67
:104E50002800C0B256F82000FFF70BFE30F40070B7
:104E600001002800C0B256F82000FFF7FFFD28001F
:104E7000C0B256F82000FFF7FCFD30F400600100DE
:104E80002800C0B256F82000FFF7F0FD002C0ED02D
:104E90002800C0B256F82000FFF7EBFD50F00400E8
:104EA0000100EDB256F82500FFF7E0FD0DE0280007
:104EB000C0B256F82000FFF7DCFD30F0040001001E
:104EC000EDB256F82500FFF7D1FD70BD2DE9F84190
:104ED000A7B005000F00160028003100C0B2C9B20B
:104EE000884201D1012000E000201C00DFF88C8105
:104EF0004FF4CE724146C0B2FFF76CFA2800210091
:104F0000C0B2C9B2884201D1012000E0002040F2C5
:104F10009D124146C0B2FFF75DFA02A8142100F0CD
:104F200077FB342100220DF168084046FFF786F830
:104F30004C2100220DF11C084046FFF77FF8FF00CE
:104F40003A00002354480021FEF722FA070022000D
:104F5000D2B23100C9B202A8FFF799FD08201B9018
:104F60009DF80D008DF870001AAA9DF80C1002989B
:104F7000FFF74DFB06201B909DF80D008DF870008B
:104F80001AAA9DF814100498FFF741FB002007901F
:104F9000082008900820099002200B9000200C9017
:104FA00000201290002014903A4C2800C0B254F80F
:104FB000200000F073FC39492A00D2B23820424365
:104FC0000A4407A92800C0B254F8200000F024FBCE
:104FD0002800C0B254F82000FFF754FD2A00D2B2D6
:104FE0000321BDF91600FFF7BFFCBDF91600FFF75E
:104FF000B7FC17F01F010091C7F357132A00D2B274
:105000000321C0B2FFF750FCBDF91600FFF7A8FC62
:105010002A00D2B20321C0B2FFF7DBFCBDF91800B1
:10502000ADF800000320ADF8020001208DF8040067
:1050300007221B482900C9B250F82110684600F029
:10504000CBFA00212800C0B2FFF7C1FE00212800E2
:10505000C0B2FFF72EFE28B0BDE8F08100000000CE
:10506000988E2810000004400000314000023140BA
:10507000000531408008314000073140B48B2810D2
:105080000000604000006540000064400000634094
:1050900000006240B407082800809698CC090828D0
:1050A000A00708280CB430B583B00A4606A90291BF
:1050B000044600250194009502AB01A908487844F4
:1050C0001E30FCF7E0FF019A157000284EBF044621
:1050D0000198041B204603B030BC5DF80CFB00BFF8
:1050E000E3DEFFFF82688918816003E0826841691E
:1050F000521A8260816842699142F7D27047C26851
:105100008918C16003E0C2684169521AC260C1686F
:1051100042699142F7D2704770B50400002C01D06B
:10512000012000E000205422DFF8FC13C0B2FFF79A
:1051300051F90025207850F0010020700020A06077
:105140000020E060606920616078002803D00228B8
:1051500010D007D315E06169002266683000FEF7C1
:105160006DFF0EE061694900002266683000FEF7BD
:1051700065FF06E061698900002266683000FEF77D
:105180005DFF002020702800C0B270BD10B5040083
:10519000002C01D0012000E000207022DFF88813ED
:1051A000C0B2FFF717F960692169401A10BD2DE9F7
:1051B000F84305001600002D01D0012000E000207A
:1051C0000C00AA22DFF86013C0B2FFF703F9002732
:1051D0000020002C01D10327B5E0287810F0050F3E
:1051E00001D00427AFE0287850F004002870286927
:1051F000B042C0F0A380D5F81480A868B8EB0008CE
:10520000B04567D26878002803D0022841D01FD368
:1052100090E0424621006868AB6800EB030948460D
:10522000FDF73CFF41462800FFF75CFFB6EB0802A4
:1052300004EB08016868AB6800EB03042000FDF78D
:105240002DFFB6EB080841462800FFF74BFF71E041
:105250005FEA480221006868AB6800EB43094846F2
:10526000FDF71CFF41462800FFF73CFFB6EB0802A4
:10527000520004EB48016868AB6800EB430420006F
:10528000FDF70CFFB6EB080841462800FFF72AFFA0
:1052900050E05FEA880221006868AB6800EB830990
:1052A0004846FDF7FBFE41462800FFF71BFFB6EB23
:1052B0000802920004EB88016868AB6800EB830485
:1052C0002000FDF7EBFEB6EB080841462800FFF78B
:1052D00009FF2FE06878002803D002281DD00ED3E4
:1052E00028E0320021006868AB6800EB030420006E
:1052F000FDF7D4FE31002800FFF7F4FE1AE072003B
:1053000021006868AB6800EB43042000FDF7C6FE8F
:1053100031002800FFF7E6FE0CE0B20021006868CB
:10532000AB6800EB83042000FDF7B8FE31002800D5
:10533000FFF7D8FE2869861B2E6100E00527287834
:1053400010F0FB0028703800C0B2BDE8F2832DE9F0
:10535000F04705000E001F00002D01D0012000E0E5
:1053600000201400DFF8C08140F25B124146C0B259
:10537000FFF730F8002C01D0012000E000204FF4AE
:10538000AE724146C0B2FFF725F85FF0000800207A
:105390000020002E02D15FF003088BE0297811F085
:1053A000030F03D020605FF006089CE02800FFF7A1
:1053B000EDFE2168884209D220605FF007080028CE
:1053C00004D1287810F0F70028708CE0287850F08D
:1053D00008002870D5F81490E868B9EB0009206837
:1053E000814522D36878002803D0022813D008D33F
:1053F0005CE022686868E96801443000FDF74EFE11
:1054000054E0226852006868E96800EB410130000E
:10541000FDF744FE4AE0226892006868E96800EB04
:1054200081013000FDF73AFE40E06878002803D0A3
:10543000022827D011D339E04A466868E968014458
:10544000B2465046FDF72AFE2268B2EB09026968AF
:105450004E443000FDF722FE28E05FEA490268680A
:10546000E96800EB4101B2465046FDF717FE22689D
:10547000B2EB09025200696806EB49063000FDF7FD
:105480000DFE13E05FEA89026868E96800EB8101BC
:10549000B2465046FDF702FE2268B2EB09029200C6
:1054A000696806EB89063000FDF7F8FD287810F0F2
:1054B000F7002870FFB2002F15D128780B2802D1F1
:1054C0005FF002080FE0287850F002002870216891
:1054D0002800FFF714FE29692068411829612878FF
:1054E00010F0FD0028704046C0B2BDE8F087F8B566
:1054F00004000E0017001D00002C01D0012000E068
:1055000000204FF407720849C0B2FEF763FF002085
:1055100067600021217066700021A1600021E160B8
:1055200025616561C0B2F2BD448B2810010009B24B
:10553000002908D4012210F01F018A401B4900B243
:10554000400941F820207047010009B2002908D421
:10555000012210F01F018A40154900B2400941F8AC
:1055600020207047020012B2002A04D44901114AD7
:1055700000B2115407E049010F4A00B210F00F00C9
:10558000104400F8041C7047002800D162B60B4894
:105590000168491C0160704772B608490868002814
:1055A00002D00868401E08600868704700E100E00B
:1055B00080E200E000E400E018ED00E0640E08285E
:1055C00080B5FFF7E9FF00F0B1F901BD80B5C9B2C0
:1055D00000B2FFF7C7FF01BD70B504000D00160053
:1055E000200000F0B3F92900B4F9000000F0EDF953
:1055F0003100C9B2B4F90200FFF7E8FFB4F90200C4
:10560000FFF7A2FFB4F90200FFF790FF70BD0000A2
:10561000002200F0F1B900002DE9F44FDFF8D822A4
:10562000DFF8D8321B68DFF8D8422468DFF8D4529C
:105630002D68DFF8D4623668DFF8D0723F68DFF893
:10564000D0C2DCF800C0DFF8CCE2DEF800E0DFF822
:10565000C882D8F80080DFF8C492D9F80090DFF84B
:10566000C0A2DAF800A0002800F01581002900F09F
:1056700012810A68022A06D191F82620002A02D156
:105680005FF0000B03E0D1F804B0BBF1010B91F81F
:105690002420002A01D0012200E0002262F31043FE
:1056A00033F440436BF30303022262F31963036094
:1056B0000A7812F0030262F31964046491F8252059
:1056C000002A01D0012200E0002262F38615CA7E82
:1056D000002A01D0012200E0002262F38A254A7EDE
:1056E000002A01D0012200E0002262F308258A7E10
:1056F000002A01D0012200E0002262F349258A6BD2
:10570000521E12F00F0262F313450A69521E12F084
:105710000702ED08ED0015434A6962F304154A6972
:10572000520862F3451585640A7B002A01D00122E4
:1057300000E0002262F308260A7E002A01D001223E
:1057400000E0002262F349268A68521E12F01F020E
:10575000760976011643C0F800630A7F02F0FF0263
:105760003F0A3F02174391F8202002F0FF0262F344
:105770001747C0F8107391F82720002A01D00122A2
:1057800000E0002262F3082C0A69521E12F00702A0
:105790005FEADC0C5FEACC0C52EA0C0C4A6962F35B
:1057A000041C4A69520862F3451CC0F844C00A7BD5
:1057B000002A01D0012200E0002262F3082E8A684C
:1057C000521E12F01F025FEA5E1E5FEA4E1E52EA90
:1057D0000E0E0A68012A01D1012200E0002262F3C4
:1057E000104EC0F800E291F83C2002F0FF025FEAA0
:1057F00018285FEA082852EA0808C0F8048391F8DC
:105800002820002A01D0012200E0002262F3596919
:10581000CA6A012A01D1012200E0002262F318695C
:105820004A6B012A01D1012300E00023009A63F3AF
:10583000104991F8303003F0FF035FEA19295FEA5D
:10584000092953EA0909C0F8509091F8443003F04F
:10585000FF035FEA1A2A5FEA0A2A53EA0A0AC0F833
:1058600004A28B6CC0F8883F096CC0F8C81F002ADE
:1058700010D00020506000201060002090600020B8
:10588000D060002010620020D06200201063DFF89A
:105890009400506300221000BDE8F28FDFF88810FA
:1058A00001605FF4401101640021816440F207113E
:1058B000C0F800130022C0F804230022C0F810230F
:1058C00000224264C0F800120021C0F80412002136
:1058D00001650021C0F8C81E0021C0F8881E002103
:1058E000C0F8C81F0021C0F8881F0021C0F8081F99
:1058F0000021C0F8481F70470160AA00DC8E281004
:10590000E08E2810E48E2810E88E2810EC8E2810E7
:10591000F08E2810F48E2810F88E2810FC8E281097
:10592000008F2810EFCDAB000F000003002007E030
:105930000549C2018A5822F00042C301CA50401CE6
:105940003F28F5DB704700000000584030B40021CC
:10595000234A1368234A1468002832D0224A156863
:10596000C5F303250E2D0FD01268C2F303220D2AB2
:1059700028D1827812F00F022409240114430279FD
:10598000002A15D0012214E0827812F00F021B09C0
:105990001B0113430279002A01D0012200E00022FA
:1059A00062F3DF73114AB0F9000042F8203009E0D9
:1059B000002262F3DF740E4AB0F9000042F8204082
:1059C00000E00649080030BC70470A4B1A68002AFC
:1059D00003D01A6800B242F8201070470100560048
:1059E000048F2810088F28100000204000A02040BD
:1059F00000C02040EC06082800B500BF1300964602
:105A00009446103928BFA0E80C50FAD85FEA417CD0
:105A100028BF0CC048BF40F8042BC90728BF20F896
:105A2000022B48BF00F8012B00BD0000DFF8C411B5
:105A30000868C0F34000002801D0022002E0086896
:105A400010F001007047DFF8B001006810F00100AD
:105A500070470000C21E022A01D3012002E0C01ECE
:105A60000860002070471CB5FF246946FFF7F2FF6D
:105A7000C0B2002802D02000C0B207E0DFF8FC016D
:105A8000009950F8210010F00100C0B216BD0000CE
:105A9000002801D0032801D3012002E0401E086045
:105AA000002070471CB5FF246946FFF7F1FFC0B224
:105AB000002802D02000C0B208E0DFF8C40100993D
:105AC00009010844C06810F00100C0B216BD000012
:105AD000DFF8BC010068800810F00100704738B59D
:105AE00004002000C0B2082811D3DFF89851182212
:105AF000DFF89411280000F00DFC0020E87540F656
:105B00005B00DFF888110860002000F03BFCDFF844
:105B1000CC112000C0B251F82000C0F300200028B2
:105B200005D0E4B251F8240010F00F0000E0FF208F
:105B300032BD38B504002000C0B2082811D3DFF808
:105B400044511822DFF84011280000F0E3FB002048
:105B5000E8754FF40960DFF834110860002000F0A8
:105B600011FCDFF87801E4B250F82400C0F3011012
:105B7000C0B232BDDFF868211368C3F307230360A6
:105B80001068C0F3C40008607047DFF8582113683C
:105B9000C3F3072303601068C0F3C40008607047B4
:105BA00038B50400072C11D3DFF8D8501822DFF8DD
:105BB000C411280000F0AEFB0020E8754FF4CE7051
:105BC000DFF8C8100860002000F0DCFBDFF8A0015F
:105BD00050F8240010F00700010009B2042907D191
:105BE000DFF8880150F8240010F01F0050F4807096
:105BF00000B232BD2415264040152640DFF8B01211
:105C000009688A03920B0260090E11F00101C1714B
:105C1000DFF8A01209680A00D204D20C82800A00C0
:105C2000120C02F0FF020281090C01F0FF01418118
:105C3000DFF84411096811F00F0202730A00C2F381
:105C4000031242730A00120AD204D20CC281090F55
:105C500011F003010174DFF8641309680A00120AE5
:105C600012F0070282710A00120CD205D20D428294
:105C7000890F11F0010101757047000040162640A0
:105C800000192640DC0D0828DC892810380E082869
:105C9000100027401CB50C006946FFF7DBFE010031
:105CA000C9B2002901D0C0B217E0DFF8B4040099EE
:105CB00050F8210010F07F012160C0F304216160E1
:105CC000C0F30441A1600100090F11F003016173E9
:105CD000C00E10F001002073002016BD40122640B7
:105CE00008002040080420401CB50C006946FFF75E
:105CF000CFFE0100C9B2002901D0C0B235E0DFF803
:105D0000101500980001085800F0FF022260C0F34F
:105D100004226260C0F30442A260000F10F003008E
:105D2000207300980001084442681000C00F60739F
:105D3000C2F30270002801D0012000E00020A0730F
:105D400022F07F422261009800010844806801002F
:105D5000C90F21750100090E11F001016175A075CF
:105D6000000C10F00700E075002016BD0001264071
:105D700000122640288A28103815264080B50100D8
:105D8000DFF868051822FDF799F90120DFF86015A2
:105D90000870002002BDDFF85C150968C90F0029F2
:105DA00008D0DFF84C150978002907D100210160DF
:105DB00003207047002101600320FAE7DFF82C156B
:105DC000096801600020F4E710B50400FFF72EFE1B
:105DD000002803D10020206003200DE0DFF810052B
:105DE0000078002805D0DFF80405806820600020D6
:105DF00002E000202060032010BD0000DFF8F01456
:105E00000978002905D0DFF8E41449680160002012
:105E100002E00021016003207047DFF8DC1409680C
:105E2000C90F002908D0DFF8C8140978002907D164
:105E30000021016003207047002101600320FAE780
:105E4000DFF8A814C96801600020F4E7DFF8AC149B
:105E50000968C90F002908D0DFF8941409780029CF
:105E600007D1002101600320704700210160032059
:105E7000FAE7DFF87814096901600020F4E710B54B
:105E80000400FFF725FE002803D100202060032036
:105E90000DE0DFF85C040078002805D0DFF84C0442
:105EA00040692060002002E000202060032010BD37
:105EB000301526403415264010B50C00C0B2FFF74F
:105EC0006FFE00280ED0012810D0022812D0B0F5A5
:105ED000887F13D040F21111884213D0B0F58A7F29
:105EE00014D017E02000FFF756FF16E02000FFF760
:105EF00085FF12E02000FFF767FF0EE02000FFF7AC
:105F00008CFF0AE02000FFF7BAFF06E02000FFF751
:105F10009DFF02E000202060032010BD80B501003D
:105F20000020FFF7C9FF02BD80B50322D2B2824232
:105F300003D200200860012003E0401CC0B2FFF73C
:105F4000BBFF02BD18B587B004006846FFF7E6FF47
:105F50000100C9B2002903D000212160C0B22BE0AA
:105F600001A8FFF74BFE9DF81400022803D100980A
:105F70002060002020E0DFF888030068C00F0028C0
:105F800008D0FFF760FDC0B2002807D100202060D4
:105F9000032011E00098206000200DE00099019896
:105FA0004143BDF80800B1FBF0F09DF80B10491C0F
:105FB000B0FBF1F02060002008B010BD3C15264079
:105FC000F0B58BB005000C0069462800C0B2FFF7A1
:105FD000ABFF0100C9B2002903D000212160C0B28B
:105FE000BCE02800C0B202284CD307A92800C0B2E8
:105FF000401CFFF74FFEC0B2002811D0DFF8046349
:106000001822DFF80413300000F084F90020F07546
:1060100040F66310DFF8F4120860002000F0B2F9D7
:106020004F482900C9B200EB810050F8080CC00F9E
:10603000002807D09DF82900022807D10098206089
:1060400000208BE000982060002087E0EDB26D1CFE
:106050002800FFF708FD0100C9B2002902D0C0B234
:10606000FF2803D100202060032077E000990798E3
:1060700041430898B1FBF0F00999B0FBF1F02060C2
:1060800000206BE001A92800C0B2401CFFF72CFEE5
:10609000C0B2002811D0DFF86C621822DFF8681255
:1060A000300000F037F90020F07540F67F10DFF87F
:1060B0005C120860002000F065F955482900C9B25B
:1060C00009014058C00F002807D09DF81000022891
:1060D00007D100982060002040E000982060002058
:1060E0003CE0EDB26D1C2800FFF7DCFC0100C9B2FA
:1060F000002902D0C0B2FF2803D100202060032075
:106100002CE09DF8110001281DD1009A0023019E6A
:1061100000273F0647EA162736060598002136185D
:106120004F41A6FB020106FB031107FB0211029A75
:10613000039BA3FB0223FDF72BF9000E40EA01208D
:10614000090E206009E00099019841430298B1FBD3
:10615000F0F00399B0FBF1F0206000200BB0F0BD2F
:106160000016264010B50323421E0400E4B2002CA2
:1061700003D10800FFF7E6FE0CE01400DBB2E4B246
:10618000A34204D31000C0B2FFF71AFF02E0C0B26E
:10619000FFF792FE10BD38B505000C002800C0B214
:1061A000FFF79DFC0100C9B2FF2904D12000FFF7D1
:1061B000F2FDC0B21BE06946C0B2FFF7D3FF010099
:1061C000C9B2002903D000212160C0B20FE028002D
:1061D000C0B2FFF7AEFCC0B2002805D002280BD039
:1061E00006D303280CD00FE000982060002032BDB9
:1061F000009840082060F9E7009880082060F5E7E3
:106200000098C0082060F1E7002020600320EEE73E
:10621000001926401FB5040002A90120FFF7BBFFAB
:106220000100C9B2002903D000212160C0B21AE0E8
:10623000694601A8FFF79EFC01980021421C71F1FC
:10624000FF335B0143EAD263520100980021121828
:106250004B4102980021490141EAD0614001FDF71C
:1062600097F82060002004B010BD1FB5040002A9FB
:106270000120FFF790FF0100C9B2002903D00021DF
:106280002160C0B21AE0694601A8FFF77EFC0198C0
:106290000021421C71F1FF335B0143EAD2635201DA
:1062A0000098002112184B4102980021490141EA4F
:1062B000D0614001FDF76CF82060002004B010BDF3
:1062C00080B5DFF84C100A68C2F303220E2A07D00B
:1062D0000968C1F303210D2905D1FFF7C6FF02BDEF
:1062E000FFF798FFFBE70120F9E70000C40D08283D
:1062F0007F0E082818152640081526400C15264044
:1063000030152640DC0D0828288A2810380E082869
:106310000000204001B58B071AD1830724D1121F3A
:1063200021D351F8043BA3F1013C2CEA030C1CF0EF
:10633000803C04BF40F8043BF1E79CFA8CFCBCFABB
:106340008CF1C1F118018B40CB4040F8043B13E0C5
:10635000042A09D311F8013B521E00F8013B5BB13E
:106360008B07F7D1D9E7121D5AB111F8013B521E24
:1063700000F8013B03B1F8D111001CBF0022FDF76A
:1063800061FE01BD01BEFEE780B5234A23490B68CB
:1063900093423ED00A60224A12684A62214A8A62C7
:1063A00002684A6042688A608268CA60C2680A619C
:1063B00002694A6142698A618269CA61C2690A6284
:1063C000F1EE102A12F0900F23D0174A8A62026A67
:1063D000CA62426A0A63826A4A63C26A8A63026B59
:1063E000CA63426B0A64826B4A64C26B8A64026C41
:1063F000CA64426C0A65826C4A65C26C8A65026D29
:10640000CA65426D0A66826D4A66C26D8A66006E12
:10641000C86600F00BF801BDFAF9F8F7640C08281B
:1064200028ED00E0A4A3A2A1ABAAA9A8FEE7000062
:1064300080B50100DFF8140500F08EFA01BD000000
:1064400010B52DED028BDFF8680400F099FAFEF725
:1064500020F80020DFF85C140860BFF34F8FDFF8EE
:106460005804016831F480310160BFF34F8FDFF8C9
:106470004C040168C1F34E32C1F3C90343F6E07026
:1064800010EA421050EA8370DFF8344420601800AC
:10649000431E0028F2D11000421E0028ECD1BFF3A9
:1064A0004F8FBFF36F8FDFF81C14012000F0C2FA8A
:1064B000032301220121982000F037FB64210020F2
:1064C00000F07AFC002000F041FC4FF4167000F060
:1064D00052FE06E0DFF8F00300F03EFA982000F0EC
:1064E00014FB00F07CFF0028F4D178E090F9001054
:1064F00065290DDB5FF0FF310170DFF8EC03B0F9C7
:10650000000010F1640F03DA6E20DFF8C01308708A
:10651000DFF8D403B0F9001000EE101AB8EEC00B8B
:10652000EA4991F9001001EE101AB8EEC11B9FED77
:106530004E3B33EE411B30EE410BBDEEC00B10EE77
:10654000101A0180E948B0F9001000EE101AB8EEF8
:10655000C00B9FED472B30EE020BBDEEC00B10EED3
:10656000101A0180E248B0F9001000EE101AB8EEDF
:10657000C00B9FED412B30EE020BBDEEC00B10EEB9
:10658000101A018000F086F89FED3D8ADFEDC78A82
:10659000E94890ED000A30EE280A20EE080ABCEE29
:1065A000C00A10EE100A00F020FAE14890ED000A4F
:1065B00030EE280A20EE080ABCEEC00A10EE100ADF
:1065C00000F013FADB4890ED000A30EE280A20EEC6
:1065D000080ABCEEC00A10EE100A00F006FABC4829
:1065E00001780A29FBDB0021017000F0BAFE00F0FF
:1065F000D7FEC648B0F9001000EE101AB8EEC00B76
:106600009FED202B30EE020BBDEEC00B10EE101AEA
:106610000180BF48B0F9001000EE101AB8EEC00BB0
:106620009FED1A2B30EE020BBDEEC00B10EE101AD0
:106630000180B848B0F9001000EE101AB8EEC00B97
:106640009FEDA42B30EE020BBDEEC00B10EE101A26
:106650000180BF4890F900106529BFF447AF017869
:10666000491C017054E7000085EB51B81E8501C03C
:10667000295C8FC2F5281940CDCCCCCCCCCC04C041
:106680000000C8429A99999999F947C052B81E8555
:10669000EB51E03F2DE9F8432DED068B86B09FEDE1
:1066A0008F8A9FED8F0B9048B0F9000001EE100A21
:1066B000B8EEC11B9FED8F3B81EE031B21EE001B4B
:1066C000F7EEC18B8948B0F9000001EE100AB8EE70
:1066D000C11B9FED883B81EE031B21EE001BB7EE33
:1066E000C19B8348B0F9000001EE100AB8EEC11B4F
:1066F0009FED803B81EE031B21EE000BF7EEC09B6C
:106700009FED8E0BB7EEE81A21EE001B9FED7B3B51
:1067100081EE031BB7EEC11B8DED031A03A8B7EE84
:10672000C91A21EE001B9FED753B81EE031BB7EEEE
:10673000C11B80ED011AB7EEE91A21EE000B9FEDA7
:106740006F2B80EE020BB7EEC00B80ED020A9FEDBF
:106750006D0B6E48B0F90000404201EE100AB8EE31
:10676000C11B21EE001B9FED6C3B81EE031BB7EEBE
:10677000C11B8DED001A68466549B1F90010494208
:1067800001EE101AB8EEC11B21EE001B9FED623B1B
:1067900081EE031BB7EEC11B80ED011A5D49B1F913
:1067A000001001EE101AB8EEC11B21EE000B9FED98
:1067B0005A2B80EE020BB7EEC00B80ED020A584850
:1067C00090ED000AB7EEC00AB0EEC00B9FED552B5E
:1067D000B4EE420BF1EE10FA01D500210160534EE8
:1067E000B0EE480A6A4603A9300000F07FFE504C24
:1067F0009FED2EAA300001F051F820EE0A0AB7EE04
:10680000C00A9FED4E2B80EE020BB7EEC00B84ED5D
:10681000000A484D300001F009F820EE0A0AB7EEF0
:10682000C00A9FED462B80EE020BB7EEC00B85ED44
:10683000000A414F300001F01DF820EE0A0AB7EEC1
:10684000C00A9FED3E2B80EE020BB7EEC00B87ED2A
:10685000000A3C4EB0EE481AD7ED000AB0EE680AC6
:10686000300001F047F8DFF8E080B0EE481AD5EDCF
:10687000000AB0EE490A404601F03CF8DFF8D49037
:10688000B0EE481AD4ED000AB0EE690A484601F0AD
:1068900031F830683860D8F800002860D9F8000076
:1068A000206006B0BDEC068BBDE8F18300003443E8
:1068B00080B2E60E84ED00E014ED00E080ED00E033
:1068C00074EF00E031642810AC8D2810810E082888
:1068D0007C0E082848E17A142EBBAF405873803AEA
:1068E0000000000000409F40700E0828720E08282B
:1068F000740E0828000000000000E04000000000C6
:10690000008066409A99999999992340760E0828B3
:10691000780E08287A0E0828000000000000A04029
:10692000480E0828010000000000F03F2407082856
:106930003C0E0828400E0828440E08286E861BF0DE
:10694000F9210940F406082804070828948D281026
:10695000800E0828140708280EB4C0B5024603A804
:1069600000210190009101AB0121044878440C30D2
:10697000FBF789FB06BC5DF810FB00BFA9240000F3
:1069800080B50549086000F0D5FF00F023FC002029
:10699000FEF7FAFD01BD0000600E0828010009B2F3
:1069A000002908D4012210F01F018A40364900B2A4
:1069B000400941F820207047010009B2002908D49D
:1069C000012210F01F018A40304900B2400941F80D
:1069D00020207047704701202D490870704780B50E
:1069E00040682C490968884701BD7CB541F288346C
:1069F0000125012100910190254E0020307026488C
:106A00000078002801D1012000E00020234A6946D7
:106A100001F0EBF800280AD103E00A2000F080FB27
:106A20000A3C002C03D030780128F6D1002528003C
:106A3000C0B276BD7FB504000D006846184991E8E4
:106A40004C0080E84C008DF80040684601F064F886
:106A50000121144801F014F968462100C9B200EB85
:106A60008100B0F90400FFF7A7FF68462100C9B212
:106A700000EB8100B0F90400FFF790FF05480560C6
:106A8000054804707FBD000000E100E080E200E006
:106A90008D0E0828500708288C0E0828D769281062
:106AA000808E2810DF692810012212FA01F181601E
:106AB0007047012212FA01F141607047012212FA77
:106AC00001F1C160704780B5C9B200290ED0010044
:106AD000C9B2082291FBF2F302FB1311354AC0B28E
:106AE000C010C0011044FFF7DFFF0DE00100C9B284
:106AF000082291FBF2F302FB13112E4AC0B2C01020
:106B0000C0011044FFF7D5FF01BD80B50100C9B237
:106B1000082291FBF2F302FB1311264AC0B2C01007
:106B2000C0011044FFF7CAFF01BD2DE9F8418DB047
:106B300004000E0015001F0034210022E8464046E4
:106B4000FDF77CFAF6B2002E0ED1FFB2002F02D074
:106B5000022F03D005E00F2001900DE008200190E6
:106B60000AE00820019007E0FFB2042F02D10F20B5
:106B7000019001E00E2001902000C0B2C0280FD08B
:106B80002100C9B208206A4691FBF0F300FB131103
:106B900008482300DBB2DB10DB011844FDF737FDAA
:106BA0002900C9B22000C0B2FFF78DFF0EB0BDE8CA
:106BB000F081000000003140022801D3012010E0E4
:106BC0000B00DBB2042B01DB01200AE0DFF8D83335
:106BD00003EB8000C9B2405C824201D3012000E097
:106BE00000207047F8B506000F0015001C00022EAB
:106BF00001D301201DE02A003900C9B23000FFF79F
:106C0000DBFF012801D1012013E03800C0B20028C9
:106C100012D1B4F5807F0DD2DFF8900376033044B3
:106C200000EB850010F58050016864F30F210160CE
:106C30000020F2BD0120FCE7FFB2012F11D1B4F515
:106C4000803F0CD2DFF864037603304400EB85000C
:106C500010F5A050016864F317210160E8E70120F6
:106C6000E7E70120E5E700B20012C0B27047F8B5CF
:106C700005000E001700280000B2FFF7F4FF040023
:106C80002000C0B2022801D3012023E03A003100E5
:106C9000C9B22000C0B2FFF78FFF012801D1012047
:106CA00018E0C2492000C0B2400308442A00D2B212
:106CB00000EB8200D0F8000CF6B266F3092067F30F
:106CC0000700E4B264032144EDB201EB8501C1F891
:106CD000000C0020F2BD70B504000D001600022C5F
:106CE00001D301201CE032002900C9B22000FFF7C7
:106CF00063FF012801D1012012E0AC49600308586C
:106D000050F0004050F0407050F47F00EDB265F359
:106D1000092066F3070062038850640308590020C5
:106D200070BD80B50100C9B2032906DAA049C0B21E
:106D3000C001084401F0F7F807E09E49C0B2C00165
:106D40000844B0F5C07001F0EEF801BD38B504009C
:106D50002000C0B2032814DA954D00212000C0B2F3
:106D6000C001284401F0D5F82000C0B2C001284479
:106D700001F0CAF8E4B2E40105EB040001F0DBF82D
:106D800019E08C4D00212000C0B2C0012844B0F5AC
:106D9000C07001F0BEF82000C0B2C0012844B0F5B8
:106DA000C07001F0B1F8E4B2E40105EB0400B0F505
:106DB000C07001F0C0F831BD70B596B004000D0090
:106DC0005021002202AE3000FDF738F900262000E5
:106DD000C0B203286ADA002201212000C0B200F20A
:106DE000711000B2FFF743FF2000C0B200F2711033
:106DF00000B2FFF738FF092300220121C0B2FFF7DC
:106E0000F1FE2000C0B200F2711000B2FFF72BFFBC
:106E100000220121C0B2FFF75EFF2000C0B210F5D2
:106E2000D570ADF800000220ADF8020001208DF809
:106E30000400032260482100C9B250F821106846BE
:106E4000FEF7CAFBED00029500208DF80C00002033
:106E50008DF80D0000208DF80E0000208DF8100038
:106E600003208DF84C000120149000208DF8540070
:106E700000208DF855004E4D02A92000C0B2C0017F
:106E8000284400F081FF2000C0B2C001284401F076
:106E90003BF82000C0B2C001284401F04CF8E4B235
:106EA000E40105EB040001F038F87AE0002201214A
:106EB0002000C0B210F5B17000B2FFF7D8FE20007C
:106EC000C0B210F5B17000B2FFF7CDFE0923002269
:106ED0000121C0B2FFF786FE2000C0B210F5B170EC
:106EE00000B2FFF7C0FE00220121C0B2FFF7F3FE9F
:106EF0002000C0B200F29B10ADF800000220ADF8F7
:106F0000020001208DF8040003222B482100C9B2A1
:106F100050F821106846FEF75FFBED00002005E009
:106F2000B5F5803F01D3761C6D08401C0828F7DBBF
:106F300002958DF80C6000208DF80D0000208DF872
:106F40000E0000208DF8100003208DF84C00012069
:106F5000149000208DF8540000208DF85500154D38
:106F600002A92000C0B2C0012844B0F5C07000F0F2
:106F70000BFF2000C0B2C0012844B0F5C07000F083
:106F8000C3FF2000C0B2C0012844B0F5C07000F0BB
:106F9000D2FFE4B2E40105EB0400B0F5C07000F0EC
:106FA000BCFF16B070BD0000988E28100000044091
:106FB000000059400080584054070828022801D397
:106FC00001200FE00B00DBB2042B01DB012009E004
:106FD000AA4B03EB8000C9B2405C824201D301207E
:106FE00000E000207047F8B506000F0015001C00F7
:106FF000022E01D301201CE02A003900C9B2300062
:10700000FFF7DCFF012801D1012012E03800C0B2F7
:10701000002811D1B4F5807F0CD299487603304412
:1070200000EB850010F58050016864F30F210160CA
:107030000020F2BD0120FCE7FFB2012F10D1B4F512
:10704000803F0BD28E487603304400EB850010F56C
:10705000A050016864F317210160E9E70120E8E727
:107060000120E6E700B20012C0B27047F8B5050093
:107070000E001700280000B2FFF7F4FF0400200004
:10708000C0B2022801D3012023E03A003100C9B286
:107090002000C0B2FFF792FF012801D1012018E0C3
:1070A00077492000C0B2400308442A00D2B200EB66
:1070B0008200D0F8000CF6B266F3092067F30700EF
:1070C000E4B264032144EDB201EB8501C1F8000C88
:1070D0000020F2BD70B504000D001600022C01D393
:1070E00001201CE032002900C9B22000FFF766FF32
:1070F000012801D1012012E061496003085850F0D5
:10710000004050F0407050F47F00EDB265F309206C
:1071100066F307006203885064030859002070BDBD
:10712000F8B50600F600574C574D00212078C001F5
:10713000284400F0EEFE12E02078C001284400F060
:10714000EAFEB842F8D32078C001284400F0E3FEFC
:10715000361A00212078C001284400F0DAFE4CF2F3
:107160005137BE42E8D22078C001284400F0D3FE57
:107170008642F8D2F1BDF8B504004FF4FA5044430A
:10718000404D414E00212878C001304400F0C1FE3E
:1071900014E02878C001304400F0BDFEB842F8D3B6
:1071A0003A4F3C192878C001304400F0B4FE3F1833
:1071B00039002878C001304400F0ABFE4CF2513762
:1071C000BC42E6D22878C001304400F0A4FE8442DC
:1071D000F8D2F1BD38B594B0502100226C462000A1
:1071E000FCF72CFF2A4C00220121B4F90000FFF724
:1071F0003DFFB4F90000FFF735FF0923002201210C
:10720000C0B2FFF7F0FEB4F90000FFF72BFF002239
:107210000121C0B2FFF75EFF5FF0FF300090002059
:107220008DF8040000208DF8050000208DF8060080
:1072300000208DF8080003208DF8440001201290F2
:1072400001208DF807000F4C0F4D69462078C001D2
:10725000284400F099FD2078C001284400F054FE35
:1072600000212078C001284400F053FE2078C0019E
:10727000284400F060FE15B030BD0000988E281044
:1072800000000440CB07082800005940B03CFFFF35
:10729000C807082880B50A000821854B1960D2B2BA
:1072A0000100C9B20220FCF715FC082081490860E2
:1072B00001BD10B5130008227D4C22600A000100B8
:1072C000C9B20220FCF775FC08207A49086010BD9D
:1072D00080B501000820764A106002236A4651F00A
:1072E0008001C9B20220FCF7DDFC0820714908606A
:1072F0009DF8010002BD3EB50C00150008216C4A46
:1073000011606B1C6A4650F080000100C9B2022077
:10731000FCF7C8FC082067490860002005E06946C2
:10732000014449782170641C401CA842F7D337BD42
:1073300070B50020002500263000461C80B2B0F554
:10734000807F0ADA0020FFF7C3FF04000120FFF767
:1073500012FFE4B2242CEFD100E001252800C0B2D6
:1073600070BDE0B5062269460C20FFF7C4FF9DF80A
:1073700001009DF8001051EA00214F4801809DF85E
:1073800003009DF8021051EA00214C4801809DF84D
:1073900005009DF8041051EA00214948018007BD0D
:1073A000E0B5062269461220FFF7A5FF9DF801000F
:1073B0009DF8001051EA0021424801809DF8030029
:1073C0009DF8021051EA00213F4801809DF8050018
:1073D0009DF8041051EA00213C48018007BD3EB5EC
:1073E00000241420FFF7C7FE08200290022001901D
:1073F000022000900223364A00210220FCF7CCFC38
:107400000323012201217B20FFF78FFB0020FFF7E0
:107410005FFFFFF78DFF002807D0E5232D4A2E4997
:107420000020FCF7F5FF01243EE000217C20FFF75F
:1074300031FF0120FFF79FFE00215920FFF72AFFAF
:107440004FF4005225495E20FFF733FF01215920F8
:10745000FFF720FF1420FFF78EFE2120FFF738FFF3
:10746000012807D0F4231B4A1D490020FCF7D0FF58
:10747000012419E00E217D20FFF70CFFA7214020F9
:10748000FFF708FFA9214220FFF704FF0321412055
:10749000FFF700FF134D5FF08A4028600021432072
:1074A000FFF7F8FE104868602000C0B23EBD000043
:1074B0008407314088073140760E0828780E082866
:1074C0007A0E0828700E0828720E0828740E0828F4
:1074D00080969800088B2810408D28108000281076
:1074E0000C8E2810340708286F12834170B52DEDDB
:1074F0000A8B04000D001600B0EE408AD4ED008A1D
:1075000094ED019AD4ED029A94ED03AA96ED000A47
:10751000D6ED000A20EE200AD6ED010A96ED011AFA
:1075200000EE810AD6ED020A96ED021A00EE810AFB
:10753000B7EEC00A00F006FDB7EEC00B9FEDB8BA7B
:10754000B4EE4B0AF1EE10FA00F16681F7EE000A94
:1075500080EE800AD6ED000A60EE800AC6ED000AD1
:10756000D6ED010A60EE800AC6ED010AD6ED020AE8
:1075700020EE800A86ED020AB0EE000BB7EEE81AA4
:1075800021EE001BB7EEC11BB7EEC92A22EE002B7D
:10759000F7EEC21BB7EEE92A22EE002BB7EEC22BA4
:1075A000B7EECA3A23EE000BB7EEC00BB1EE003BCC
:1075B000B7EEC94A24EE034BF7EEC40BB7EEE94A27
:1075C00024EE033BB7EEC33B69EE093A29EEA94A24
:1075D000F0EE002A68EEA24A64EE894A42EE0A4AB8
:1075E00096ED015A74EEC54A24EEA1CA61EE294A0D
:1075F00029EE225A45EE4A4A96ED005A75EE244A83
:1076000004EE82CAF6EE004A74EEE34A74EE644A6F
:1076100096ED025A04EEA25A05EE00CA69EE224A1D
:1076200064EE8A4A41EE694A96ED005A74EEC54A04
:1076300064EE80CA68EEA24A64EE894A42EE0A4AC3
:1076400096ED015A74EEC54A44EE81CAF6EE004A40
:1076500074EEE34A74EE644A96ED025A04EEA25ABE
:1076600045EE20CA68EEA20A60EE890A42EE0A0AD6
:10767000D6ED014A70EEE40A60EE80BA21EE290AE6
:1076800069EE220A00EECA0AD6ED000A30EE800A40
:1076900040EE01BAB6EE000A30EE630A34EE400A5C
:1076A000D6ED020A40EE220A40EE83BA29EE220A03
:1076B00020EE0A0A01EE690AD6ED000A30EE600AF1
:1076C00060EE21AA28EEA20A20EE090A02EE0A0ABA
:1076D000D6ED010A30EE600A40EE02AA2CEE0C0A4A
:1076E0000CEEAC0A0BEEAB0A0AEEAA0AB7EEC00A21
:1076F00000F028FCB7EEC00BB4EE4B0AF1EE10FA26
:1077000002D5DFED481A03E0F7EE000AC0EE801A5A
:107710002CEE210A6CEEA10A2BEEA11A6AEEA11A38
:10772000F6EE003A95ED002A29EE422AD5ED012A1F
:1077300009EEE22AD5ED022A0AEE622A22EE232A77
:10774000D5ED002A68EEA22A95ED023A49EE832A89
:1077500095ED013A4AEE432A62EEA32A95ED013AED
:1077600028EE833A95ED024A09EE443A95ED004A37
:107770000AEE043A23EE233A95ED024A28EE844AB3
:10778000D5ED014A09EE244AD5ED004A09EEE44A56
:1077900064EE233A244890ED004A04EE402A90ED2E
:1077A000000A40EE602A90ED000A00EE413A90EDAA
:1077B000000A40EE613A42EE088A02EE889A43EEF1
:1077C000089A03EE88AA28EEA80A09EE090A09EE2B
:1077D000A90A0AEE0A0AB7EEC00A00F0B3FBB7EE38
:1077E000C00BB4EE4B0AF1EE10FA01D5B7EE000A69
:1077F000F7EE000A80EE800A68EE800AC4ED000A07
:1078000069EE000AC4ED010A69EE800AC4ED020ABD
:107810002AEE000A84ED030ABDEC0A8B70BD00005D
:10782000BE37863500000000F006082880B5B0EEAF
:10783000000AD0ED010A90ED011A20EE811AD0ED78
:10784000020AD0ED021A00EEA11AF7EE000A41EE8C
:10785000400A90ED001AD0ED011A21EE211AD0ED68
:10786000021A90ED032A01EE821A21EE000A00F0BE
:1078700079FB01BD80B590ED000AD0ED020A20EE43
:10788000200AD0ED010A90ED031A00EEC10AF0EED5
:10789000000A20EE200A00F09BFB01BD80B590EDB0
:1078A000000AD0ED000A60EE200A90ED010A90ED8A
:1078B000011A40EE010A90ED020A90ED021A40EE24
:1078C000410A90ED030A90ED031A40EE410A90ED53
:1078D000010A90ED021A20EE010A90ED001AD0ED97
:1078E000031A01EE210AB0EE001A20EE010A00F0A0
:1078F00039FB01BDD0ED001A41EE001A90ED020AED
:1079000090ED011A30EE010A90ED031A30EE011AE3
:1079100080EE011A70EEE10A40EE811AC0ED001A05
:10792000F7EE000A70EEC10A20EE800A80ED010A2F
:107930007047000010B5002042490860BFF34F8F28
:1079400041480168C1F34E32C1F3C90343F6E07008
:1079500010EA421050EA83703C4C20601800431E2D
:107960000028F3D11000421E0028EDD1BFF34F8F45
:10797000BFF36F8FBFF34F8FBFF36F8F002034497A
:107980000860BFF34F8FBFF36F8F00F001F810BD99
:1079900038B586B068462F491822FBF78FFB68463A
:1079A000FEF7ECF9C0B200280DD02B4C18222B4961
:1079B0002000FEF7AFFC0020E0754E20284908604B
:1079C0000020FEF7DFFC274D2800FEF779FCC0B24F
:1079D00000280DD0204C182220492000FEF79AFCE8
:1079E0000020E07550201E4908600020FEF7CAFC08
:1079F0001D49286808600A681C4882181C48B2FBA8
:107A0000F0F01C4A10601C48096801F2E7314FF49D
:107A10007A72B1FBF2F101600068C0031749086097
:107A200007B030BD80B500F001FB15490A6852F47B
:107A300070020A60BFF34F8FBFF36F8F00F0FAFA46
:107A400001BD000084ED00E080ED00E074EF00E097
:107A500050EF00E0DC8D2810DC0D0828748A281017
:107A6000380E08284C0E0828500E08283F420F00F8
:107A700040420F00580E0828540E08285C0E0828B3
:107A800088ED00E038B50400082C0FD3DFF8BC52B5
:107A90001822DFF8BC122800FEF73CFC0020E87535
:107AA000CD20AC4908600020FEF76CFCAA486401B8
:107AB000204432BD38B50400082C0DD3A34D182244
:107AC000A3492800FEF726FC0020E875E820A1491C
:107AD00008600020FEF756FCA0486401204432BD37
:107AE0009F4B1B6862F31F4361F30F038360704772
:107AF000C0687047006870479A4A126861F30F02C5
:107B000082607047C1607047C069C00FC0B27047E3
:107B100080B500F0B7FA02BDFEB504000025924E14
:107B200020783070307804EB8000C078ADF8000029
:107B3000307804EB80008088ADF8020001208DF8D9
:107B40000400002108E001220800C0B204EB80001C
:107B5000807882401543491C0800C0B20228F2DB3D
:107B6000002715E040F2FF3306E038003178C0B25C
:107B70008842F7D1BDF900301BB22A003800C0B2EC
:107B800004EB8000811C3800C0B200F012F87F1CAA
:107B90003800C0B20228E8DB6846FDF7D7FE0FF2D6
:107BA000F501BDF90000FDF710FF01206F490870D5
:107BB000F7BD38B51C006E4D2423584305440878A2
:107BC000286048786860AA602868FFF75BFF286132
:107BD0006868FFF76FFF6861AA68A9686869FFF7BE
:107BE0007FFF0020A861AC8131BD2DE9F8430C0076
:107BF00015005E490978002901D15E483EE0242144
:107C00005B4A484302EB00065748007801FB00F14D
:107C100002EB01075FF00109D7F8048019FA08F8B0
:107C20005FEA0848706819FA00F93069002824D022
:107C3000B86900281FD1306900F00CFA002818D16B
:107C4000BFF34F8F206880B22060206858EA000898
:107C5000C4F8008021003069FFF754FF0120B861AB
:107C6000FD61BFF34F8F49463069FFF745FF0020A4
:107C700004E0414802E0404800E04048BDE8F283AB
:107C8000082904D23E4A42F82100002000E03D4885
:107C90007047000080B535480078002808D0344986
:107CA000314802782420424301EB020000F001F841
:107CB00001BD7CB504000020009000266069FFF73C
:107CC00017FF0500280C0004002827D0280C00040A
:107CD000616908602069FFF717FF00281ED0BFF315
:107CE0004F8F69462069FFF713FF002810D10098D5
:107CF0000668360C0098007800F0FF00082807D2CC
:107D00001F4951F820100800002801D0009888472A
:107D1000BFF34F8F3100206900F0A4F9280411D07F
:107D2000ADB260690560E069002804D0E069804771
:107D30000020E06104E0206A002801D0206A80472A
:107D40000020A0616069FFF7D5FE73BDDC0D082837
:107D5000C08A2810380E0828000022400010224057
:107D6000C48E2810C88E28107D0E08287E0E082884
:107D7000D40C08280B028A0007028A0004028A0039
:107D8000A40D08280A028A0010B4012291F84C3090
:107D9000052B03D291F84D30052B01D31000A7E03D
:107DA000002800F0A480002900F0A180514A126848
:107DB0004B7963F392428B7913F0030363F311421F
:107DC0000B7A13F0070363F31A62CB7963F39E72A5
:107DD0000B7D63F3000291F8243063F341020260EB
:107DE0000A7910F130031C6862F307041C604A79B9
:107DF000012A0BD18A79002A02D10022826007E091
:107E00008A79012A04D10A68826001E00122826035
:107E1000CA6802610A694261CA6982610A6AC2610A
:107E20000A680262344A12680B7E03F0FF03120AEA
:107E300012021A4391F8303003F0FF0363F3174244
:107E400091F8403003F0FF0363F31F6291F848306C
:107E500003F0FF0363F30F224264284A126891F88B
:107E6000383003F0FF03120A12021A4391F8283047
:107E700003F0FF0363F30F228264214A12688B7DB3
:107E800013F00303920892001A4391F8253013F07F
:107E9000030363F38B2291F82C3013F0030363F395
:107EA000051291F8343013F0030363F3092291F8BB
:107EB0003C3013F0030363F3871291F8443013F05E
:107EC000030363F38302C2640E4A126891F84C30D4
:107ED00013F00703D208D2001A4391F84D3013F083
:107EE000070363F306124265497D81670022100093
:107EF00010BC70470C8F2810108F2810148F28107A
:107F0000188F28101C8F2810016851F00041016063
:107F1000704781607047806870477830016851F021
:107F200001010160704710F170010A6852F001020E
:107F30000A60006F70474030016851F01001016025
:107F400070470000B5EEC00BF1EE10FA02D4B1EEAE
:107F5000C00B70476FF0004C20EE10CBAFF30080E9
:107F60007047000052EC101AB0EEC00AC80F49006A
:107F70005200F0EEE00A28BF0C3011F1807F38BFCC
:107F800012F1807F0CD28A4238BF80F00400124286
:107F900014D034BF80EE800A80EE200A00F086B84C
:107FA00011F1807F08BF80F0040098BF12F1807F3C
:107FB00008D88A4214BF00224FF07E5200EE102AE9
:107FC00000F074B86FF0004100EE101A7047000026
:107FD00010EE101A4FF07E5201EE902AC80F31F0C9
:107FE000004120D000EE101A914212D871EEC00A62
:107FF0000D4A31EE801A61EE200AF1EEE00A91425C
:1080000086BF80F0040080EE800A80EE200A00F037
:108010004DB8490011F1807F9CBF6FF0004100EE28
:10802000101AAFF300807047F404353FEFF310806F
:1080300072B6704780F3108870470000194A1268C2
:1080400061F30F0242607047C0687047C069C00F9B
:10805000C0B270470068C00F002801D1124800E08C
:108060000020704738B504000D002000FFF7EEFF38
:10807000002805D029002000FFF7E0FF002000E0E5
:10808000094832BD38B504000D002000FFF7DEFFBF
:10809000002805D02000FFF7D7FF2860002000E06F
:1080A000014832BDC08E281001008A001AA210EECD
:1080B000101A43F2A40CC3F6896CF2EC060A61456F
:1080C00009DB00EE803A70EE800A83EE200A40F071
:1080D000020010EE101A4900D1F1E6410BD860EE13
:1080E000000A20EE203A03EE010A01EEA02A42EE39
:1080F000202A80EE220A400810F0020F18BFB1EECD
:10810000400A02EB8002D2ED000A30EE200A28BFBE
:10811000B1EE400A70470000D7B3DD3F6AD5033F98
:108120002B94A93DB82A593F0000803F000080BF32
:1081300000000000920A063FDB0FC93F920A863F0B
:10814000DB0FC93F920A0640DB0F4940368D2740BE
:10815000D0F8C80F7047C0F8C01FD0F8C00F7047E4
:10816000D0F8880F7047C0F8801FD0F8800F704794
:1081700080B50020FEF7D5FD76480178491C0170D6
:1081800001BD80B50120FEF7CCFD01BD80B5022008
:10819000FEF7C7FD01BD80B50320FEF7C2FD01BD9E
:1081A00080B50420FEF7BDFD01BD80B50520FEF7BA
:1081B000B8FD01BD80B50620FEF7B3FD01BD80B559
:1081C0000720FEF7AEFD01BD80B50820FEF7A9FD32
:1081D00001BD80B50920FEF7A4FD01BD80B50A20D0
:1081E000FEF79FFD01BD80B50B20FEF79AFD01BD96
:1081F00080B50C20FEF795FD01BD80B50D20FEF782
:1082000090FD01BD80B50E20FEF78BFD00F0A8F8B3
:1082100001BD80B50020FCF7E0FCFFF799FF4007A7
:1082200008D50020FCF7D9FC0421FFF794FFFCF7E8
:10823000B8F80DE00020FCF7D0FCFFF791FF8005B7
:1082400006D50020FCF7C9FC4FF40071FFF78BFF47
:1082500001BD80B50120FCF7C0FCFFF779FF4007A6
:1082600009D50120FCF7B9FC0421FFF774FF3A4857
:10827000006880470DE00120FCF7AFFCFFF770FFBE
:10828000800506D50120FCF7A8FC4FF40071FFF72C
:108290006AFF01BD80B50220FCF79FFCFFF758FF85
:1082A000400708D50220FCF798FC0421FFF753FF94
:1082B00000F094F80DE00220FCF78FFCFFF750FF70
:1082C000800506D50220FCF788FC4FF40071FFF70B
:1082D0004AFF01BD80B50320FCF77FFCFFF738FFA4
:1082E000400706D50320FCF778FC0421FFF733FF95
:1082F0000DE00320FCF771FCFFF732FF800506D587
:108300000320FCF76AFC4FF40071FFF72CFF01BD5E
:1083100080B50420FCF761FCFFF71AFF400709D580
:108320000420FCF75AFC0421FFF715FF0B480068F6
:1083300080470DE00420FCF750FCFFF711FF80059B
:1083400006D50420FCF749FC4FF40071FFF70BFF42
:1083500001BD00007C0E08283C07082840070828BB
:10836000F8B51948007800282DD00020174C0820B7
:108370002060174D04202860082028600420206019
:108380000820206004202860002615E008202860CE
:10839000104F072000F0ACF83100C9B227F81100E7
:1083A000042000F0A5F83100C9B207EB4101A1F8A3
:1083B000000108202060761C3000C0B28028E5DB78
:1083C000012005490870F1BD8A0E082808033140D4
:1083D00004033140CC0708288B0E08281FB5002065
:1083E000019040480078002868D004E001226946E6
:1083F0003D48FCF7DCFE69460220FCF741FC002802
:10840000F4D19DF800000A2858D106200190364C7E
:10841000012301AA02A92000FCF799FF032228A149
:108420000DF10B0000F09EF8002810D127480178CC
:1084300002293DD0012101702000FCF7A7FE019028
:10844000002301AA22492000FCF781FF30E003222B
:108450001CA10DF10B0000F085F8002810D11D487B
:108460000178022924D0012101702000FCF78EFE42
:108470000190002301AA18492000FCF768FF17E0CB
:10848000032211A10DF10B0000F06CF800280FD1B0
:108490001248017802290BD0012101702000FCF75D
:1084A00075FE0190002301AA0D492000FCF74FFF43
:1084B0002000FCF731FE01200C4908701FBD0000B0
:1084C000524D43004747410054485300880E082846
:1084D000640B0828870E0828E40A0828890E082853
:1084E000E40B0828860E08280C0E0828850E08289C
:1084F00030B40100C9B249090200D2B2202392FB74
:10850000F3F403FB1422154BC0B21B5C5B00D3F1E8
:108510000403134C0800C0B254F820001500EDB25B
:10852000AD01284400F63C00056855F001050560E2
:108530000800C0B254F82000D0F80002C00F002894
:10854000F6D1C9B254F82100D2B292011044D0F849
:10855000240880B2184180B230BC70471C0D082836
:10856000440708288AB10B7890F800C09C4506D1D2
:1085700010F8013B4BB1491C521EF4D105E002D268
:108580004FF0FF3070470120704700207047000017
:1085900038B5FFF747FA00F042F800F0C9F8714922
:1085A0000868800312D4BFF34F8FBFF36F8F002092
:1085B0006D4A1060BFF34F8FBFF36F8F086850F4A0
:1085C00000300860BFF34F8FBFF36F8F0868C003A0
:1085D00024D40020654A1060BFF34F8F64480268BE
:1085E000C2F34E33C2F3C90443F6E07010EA4310FD
:1085F00050EA84705F4D28602000441E0028F3D1AB
:108600001800431E0028EDD1BFF34F8F086850F4C7
:1086100080300860BFF34F8FBFF36F8F31BD70B5EF
:1086200086B0684654491822FAF748FD00200AE04F
:1086300069460200D2B201EBC2014968491C11F03F
:10864000070F0DD1401C0100C9B2032909D26946A8
:108650000200D2B211F8321011F0070FE8D0FEE795
:10866000FEE7464C207810F0070F00D0FEE7444D9F
:108670002868401C10F0070F00D0FEE7002622E01B
:1086800068463100C9B200EBC10041683000C0B299
:1086900052F8300000F043F814E000200028EFD03A
:1086A0002168491E3000C0B252F8300000F037F89F
:1086B00068463100C9B200EBC10041682868401C1F
:1086C00000F02DF8761C3000C0B2032825D26A468F
:1086D0003000C0B252F83000002813D020683100BA
:1086E000C9B252F8311088420AD368463100C9B283
:1086F00000EBC10040682168884201D30120CDE72A
:108700000020CBE768463100C9B200EBC1004068E9
:1087100021688842C1D30120C0E706B070BD0022A5
:10872000002302E0C0E9002308308842FAD37047F2
:1087300030B4144880081449144A002308E01C008F
:10874000E4B252F824401D00EDB241F825405B1C14
:108750001C000500E4B2EDB2AC42F0D30C4801605D
:1087600030BC704714ED00E050EF00E084ED00E015
:1087700080ED00E060EF00E0C48D2810D48928105F
:10878000D889281080000000000F08280000281059
:1087900008ED00E0010009B2002908D4012210F020
:1087A0001F018A404F4900B2400941F8202070471C
:1087B000FEE780B54C4800684C4801680800C00FCF
:1087C000002805D04A488905890D50F821008047C6
:1087D0000020FFF7DFFF01BD80B54648006846482E
:1087E00001680800C00F002805D041488905890D9F
:1087F00050F8210080470120FFF7CCFF01BD80B574
:108800003E4800683E4801680800C00F002805D0B7
:1088100037488905890D50F8210080470220FFF76D
:10882000B9FF01BD80B537480068374801680800C6
:10883000C00F002805D02E488905890D50F8210069
:1088400080470320FFF7A6FF01BD80B52F480068D1
:108850002F4801680800C00F002805D0244889056A
:10886000890D50F8210080470420FFF793FF01BDD8
:1088700080B528480068284801680800C00F002813
:1088800005D01B488905890D50F821008047052037
:10889000FFF780FF01BD80B52048006820480168CF
:1088A0000800C00F002805D011488905890D50F82F
:1088B000210080470620FFF76DFF01BD80B51948F4
:1088C0000068194801680800C00F002805D0084852
:1088D0008905890D50F8210080470720FFF75AFFCE
:1088E00001BD000080E200E0A08E281000052040BD
:1088F00000000828A48E281004052040A88E281007
:1089000008052040AC8E28100C052040B08E2810A1
:1089100010052040B48E281014052040B88E281071
:1089200018052040BC8E28101C05204072B61D4939
:1089300008684FEA102000F00F000E2808BF1A49FF
:108940000D2808BF1949072808BF1949082808BF7A
:108950001849086820F00B0008600868BFF34F8FC3
:10896000154816490860BFF34F8F1549086840F055
:10897000070008601349086840F007000860BFF36B
:108980004F8FBFF36F8F00200021124AE2E80201EF
:108990006A45FBD10C4FB8470C4FB8470C4FB8474E
:1089A000FEE70000000020400C0020400C042040A6
:1089B0000C0820400C0C20400000281008ED00E0BE
:1089C00090EF00E094EF00E091852810258C2810AE
:1089D000798D281000FF0B28FFFF0B28443A5C49D3
:1089E00041525C4941522070726F6A6563745C6CDD
:1089F00069627261726965735C73646B5C747669D9
:108A0000696268346D5C7372635C64726976657206
:108A1000735C737973636C6B5C63795F7379736395
:108A20006C6B2E6800000000443A5C4941525C497E
:108A300041522070726F6A6563745C6C6962726126
:108A4000726965735C73646B5C74766969626834BF
:108A50006D5C7372635C647269766572735C737962
:108A600073636C6B5C63795F737973636C6B2E6398
:108A700000000000443A5C4941525C494152207078
:108A8000726F6A6563745C6C696272617269657346
:108A90005C73646B5C747669696268346D5C737274
:108AA000635C73797374656D5C73797374656D5F02
:108AB000747669696268346D5F636D372E63000098
:108AC000443A5C4941525C4941522070726F6A6578
:108AD00063745C6C69627261726965735C73646B08
:108AE0005C636F6D6D6F6E5C7372635C64726976EC
:108AF0006572735C6970635C63795F6970635F64FE
:108B000072762E6800000000443A5C4941525C498C
:108B100041522070726F6A6563745C6C6962726145
:108B2000726965735C7A665F6465766963655C7AB1
:108B3000665F6465766963655F696D753636307248
:108B4000612E6300443A5C4941525C4941522070B5
:108B5000726F6A6563745C6C696272617269657375
:108B60005C7A665F636F6D6D6F6E5C7A665F636F74
:108B70006D6D6F6E5F6669666F2E6300443A5C4987
:108B800041525C4941522070726F6A6563745C6C3B
:108B900069627261726965735C7A665F6472697634
:108BA00065725C7A665F6472697665725F7370691C
:108BB0002E630000443A5C4941525C4941522070A6
:108BC000726F6A6563745C6C696272617269657305
:108BD0005C7A665F6472697665725C7A665F6472FD
:108BE000697665725F756172742E630030B400251A
:108BF00012E050F8042BD30744BF4A44521E091F09
:108C0000042942F8045BFAD213468C0744BF15804E
:108C10009B1CC90748BF1D7050F8041B0029E8D1F0
:108C200030BC704710B5074979441831064C7C4474
:108C3000163404E00A68081D114488470146A14221
:108C4000F8D110BD2C000000480000004EF68851FD
:108C5000CEF20001086840F470000860BFF34F8F47
:108C6000BFF36F8F4FF00170E1EE100A7047000004
:108C70007DFFFFFFC4060000CC07082800000000AD
:108C8000AFA2FFFFDA020000700100000000082818
:108C900004207146084202D0EFF3098001E0EFF3AF
:108CA000088000B50149884700BD0000896328108D
:108CB00080B58DF80000012269460120FBF781FB99
:108CC000012802D19DF8000002BD4FF0FF3002BD27
:108CD000801C800803D0401C801EFCD100BF704760
:108CE000EFF3108072B6704780F310887047000071
:108CF00000F00EF8002801D0FFF794FFAFF30080DA
:108D00000020AFF30080FDF79BFB00F003F80000AC
:108D10000020704700F000B807463846FAF756FCC6
:108D2000FBE700000D0A66696C65202573206C69FD
:108D30006E652025643A2025732E0D0A0000000080
:108D4000696D7536363072612073656C66206368B4
:108D500065636B206572726F722E0000042071468D
:108D6000084201D0EFF30980EFF3088000B5014914
:108D7000884700BD8D8E28100548014603B468461B
:108D800080F30988AFF30080FFF760FFFFF7B0FFC3
:108D9000A5EDF5FE72656365697665204D375F3137
:108DA00020646174613A25640D0A00000D0A20698F
:108DB0006D75363630726120696E69742065727225
:108DC0006F722E0000000828FFFF0B280000002013
:108DD000FF3F002000000000FF3F000000127A006B
:108DE000000000000024F40000800000008000006B
:108DF000008000000D0A66696C65202573206C698F
:108E00006E652025642E0D0A00000000696D753620
:108E10003630726120696E6974206572726F722ECD
:108E20000000000038B504460D462846FFF740FF15
:108E3000A84218BF0024204632BD000066696C6558
:108E40003A206D646B2F2573000000004173736539
:108E50007274206572726F720000000066696C6542
:108E60003A202573000000006C696E653A20256485
:108E7000000000004C6F67206D65737361676500CB
:108E8000000006060400070704000000816911F8CD
:108E9000021CC9B2016070470301000010110010EC
:108EA00000000000000000000000000000000000C2
:108EB00000000000000000000000000000000000B2
:108EC00000000000000000000000000000000000A2
:108ED0000000000000000000000000000000000092
:108EE0000000000000000000000000000000000082
:108EF0000000000000000000000000000000000072
:108F00000000000000000000000000000000000061
:108F10000000000000000000000000000000000051
:108F2000FFF7FEBFFFF7B4BEFFF7B2BEFFF7B0BE5C
:108F3000FFF7FEBFFFF7FEBFFFF7FEBFFFF7FEBF65
:108F4000FFF7FEBFFFF7FEBFFFF7FEBFFFF7FEBF55
:108F5000FFF7FEBFFFF7FEBFFFF7FEBF7047F0024F
:108F6000FFB187281004F1FF04F1FF04F1FF04F1C1
:108F7000FF04F1FF04F17704300700000828CDCC8E
:108F80004C3D0001F00411803FA69BC43B1012CC65
:108F900010B001803F000120088045333383415DDC
:108FA0008F281004100400009040001004100A20C4
:108FB0009040D5692810718128108304128D041205
:108FC000970412A10412AB0412B50412BF0412C913
:108FD0000412D30412DD0412E70412F10412FB049C
:108FE0002305824C100367400000680412690410D6
:108FF000016640131412530412950412D504231170
:10900000832412601C1265041264041263040004B9
:10901000624078010107000000000000000000002D
:109020000000000000000000000000000000000040
:109030000000000000000000000000000000000030
:109040000000000000000000000000000000000020
:109050000000000000000000000000000000000010
:109060000000000000000000000000000000000000
:1090700000000000000000000000000000000000F0
:1090800000000000000000000000000000000000E0
:1090900000000000000000000000000000000000D0
:1090A00000000000000000000000000000000000C0
:1090B00000000000000000000000000000000000B0
:1090C00000000000000000000000000000000000A0
:0B90D000000000000000000000000095
:0400000510288D79B9
:00000001FF
